instanceID,setId,tenants,transactions,std_transactions
i-0009b7735dea24732,0,48,123377.0,269.838840792055
i-002f7e27ea3e0bc1c,0,48,123286.0,553.8989077440034
i-007e12c9530b8cdea,0,48,122657.66666666667,572.7323400449251
i-008e6f72c7403b5d3,0,48,123779.66666666667,193.71714775242305
i-00ba7a56c944e5a25,0,48,123144.0,246.03251817595168
i-00d71d40b42658392,0,48,123051.0,634.3571549214212
i-01f539b055c2a5d34,0,48,122862.66666666667,83.20056089554699
i-0243a74ede206f760,0,48,123389.0,439.2186243774278
i-02765ba82e12781a4,0,48,123798.33333333333,686.0060738312245
i-02ca0e36a4acaf9fc,0,48,121889.66666666667,449.6235462398906
i-040dfb2d2a1990b9d,0,48,123572.66666666667,383.08006125787176
i-048c3c6548c1a414a,0,48,122087.66666666667,373.9175488437719
i-0507566c757134fb6,0,48,123698.66666666667,1002.6466642508377
i-05e473f8ff82c1527,0,48,122617.33333333333,765.8592124753284
i-067b2519b614c8f9d,0,48,123604.33333333333,422.488264136807
i-06b96f53253b4cc2e,0,48,124621.33333333333,220.45483286454288
i-071a48cf857bce94f,0,48,123231.0,587.1022057529677
i-07379900fe80899d6,0,48,122560.66666666667,442.6029070547717
i-0763ab86e85627573,0,48,114626.66666666667,608.6019498270895
i-07998976f194caa97,0,48,124477.33333333333,521.7837994163216
i-07be1c77f6fdf8eda,0,48,124697.33333333333,580.5017944273143
i-07c76ac1348426483,0,48,120987.0,923.1083360039601
i-0837f0f6a7a42ac68,0,48,123209.66666666667,442.36900132506435
i-084caea7d9c000ba9,0,48,123095.33333333333,661.717714235709
i-08559b79281547ef2,0,48,124267.66666666667,520.7248153615643
i-08e70b514c8c3cd5a,0,48,123006.66666666667,692.404746758235
i-08ff78a502245298a,0,48,123412.33333333333,704.3673284113421
i-095d06d26dd29ecec,0,48,124327.66666666667,755.226014735546
i-0977cb2af690d36fd,0,48,124736.33333333333,697.5738909487158
i-09c658651b17c197e,0,48,121159.33333333333,632.747448302505
i-0ab84c959b473605a,0,48,123040.0,39.395431207184416
i-0aecb3d1daeccc874,0,48,124828.33333333333,399.58144768411586
i-0b138e3642a677559,0,48,123374.33333333333,632.0967752910409
i-0b3a38b18367faa71,0,48,122475.66666666667,179.05958040086443
i-0ba417327f988ba2b,0,48,122970.66666666667,512.4747148234092
i-0bfaa8f4e041c36fa,0,48,124206.66666666667,560.1020740305602
i-0c3e9f9e7b281edfe,0,48,125848.66666666667,118.74903508379859
i-0cc4b604b837f69d9,0,48,123427.0,730.5073579369341
i-0d136c81f43ce8a29,0,48,123526.66666666667,116.74901855404784
i-0d1c421d52c368b29,0,48,123335.66666666667,399.81537405824525
i-0d44050a4e6a71d7c,0,48,124210.0,530.5346360040973
i-0d6feb91baa545931,0,48,121454.66666666667,359.1884370818955
i-0d75b8bf3603b2040,0,48,122447.0,715.2286347735247
i-0dcfa6d3bc470d28d,0,48,124719.66666666667,656.1534373401812
i-0e167bbfcd6a685f5,0,48,122529.66666666667,544.4908937101995
i-0ede59d8254436a40,0,48,123651.33333333333,98.0068024849958
i-0f285214d5c41327e,0,48,123640.66666666667,376.39119720489583
i-0f472084ac3992ad9,0,48,125537.33333333333,638.5266896014067
i-0009b7735dea24732,1,47,124874.66666666667,504.84089902991417
i-002f7e27ea3e0bc1c,1,47,123011.0,60.25777958073132
i-007e12c9530b8cdea,1,47,121913.0,315.9050490258109
i-008e6f72c7403b5d3,1,47,125413.33333333333,278.80877556729405
i-00ba7a56c944e5a25,1,47,124615.33333333333,168.0962026142568
i-00d71d40b42658392,1,47,122821.66666666667,569.6809048347426
i-01f539b055c2a5d34,1,47,124665.66666666667,486.5103630276875
i-0243a74ede206f760,1,47,124727.0,177.75544998677256
i-02765ba82e12781a4,1,47,123073.0,517.6977882896546
i-02ca0e36a4acaf9fc,1,47,122478.0,121.57713600837947
i-040dfb2d2a1990b9d,1,47,123491.0,786.8341629593875
i-048c3c6548c1a414a,1,47,123590.33333333333,98.28699473141542
i-0507566c757134fb6,1,47,124023.66666666667,101.63332786705799
i-05e473f8ff82c1527,1,47,124017.66666666667,492.394489544036
i-067b2519b614c8f9d,1,47,123165.66666666667,376.1573252421544
i-06b96f53253b4cc2e,1,47,124210.0,224.38582842951558
i-071a48cf857bce94f,1,47,122764.33333333333,641.9784523902154
i-07379900fe80899d6,1,47,123157.0,297.2339146194458
i-0763ab86e85627573,1,47,115599.33333333333,53.79900866496632
i-07998976f194caa97,1,47,124298.66666666667,227.8208360386139
i-07be1c77f6fdf8eda,1,47,124603.0,361.0415488555299
i-07c76ac1348426483,1,47,121790.33333333333,320.95534476517736
i-0837f0f6a7a42ac68,1,47,124017.66666666667,247.89177746212857
i-084caea7d9c000ba9,1,47,122709.0,579.3763888872242
i-08559b79281547ef2,1,47,123678.66666666667,147.59855464513475
i-08e70b514c8c3cd5a,1,47,124678.0,193.00777186424386
i-08ff78a502245298a,1,47,124997.33333333333,260.0794750327952
i-095d06d26dd29ecec,1,47,124139.66666666667,691.874506925448
i-0977cb2af690d36fd,1,47,126133.33333333333,430.85535082360747
i-09c658651b17c197e,1,47,122291.0,408.8263690125675
i-0aecb3d1daeccc874,1,47,125058.0,564.6618457094476
i-0b138e3642a677559,1,47,122998.33333333333,186.24267323396265
i-0b3a38b18367faa71,1,47,123844.66666666667,270.0783836839492
i-0ba417327f988ba2b,1,47,122896.0,641.5605972938176
i-0bfaa8f4e041c36fa,1,47,123704.0,622.2483427057078
i-0c3e9f9e7b281edfe,1,47,126649.66666666667,120.86493839543735
i-0cc4b604b837f69d9,1,47,123066.0,401.4523633010522
i-0d136c81f43ce8a29,1,47,124849.33333333333,527.4280361654419
i-0d1c421d52c368b29,1,47,122588.0,187.66193007640095
i-0d44050a4e6a71d7c,1,47,123700.0,103.59054010864119
i-0d6feb91baa545931,1,47,121857.66666666667,456.4562775702965
i-0d75b8bf3603b2040,1,47,123772.0,244.0430289928397
i-0dcfa6d3bc470d28d,1,47,124550.66666666667,775.1930942244843
i-0e167bbfcd6a685f5,1,47,124012.66666666667,310.1891895816687
i-0ede59d8254436a40,1,47,125163.0,234.9212634054227
i-0f285214d5c41327e,1,47,125052.66666666667,325.06204535954697
i-0f472084ac3992ad9,1,47,126058.33333333333,261.28592257015
i-0009b7735dea24732,2,46,126450.66666666667,427.29654027774615
i-002f7e27ea3e0bc1c,2,46,123215.33333333333,248.52431135270115
i-007e12c9530b8cdea,2,46,122515.33333333333,294.52390961233425
i-008e6f72c7403b5d3,2,46,127146.33333333333,582.5472799123996
i-00ba7a56c944e5a25,2,46,126584.66666666667,229.31710213879032
i-00d71d40b42658392,2,46,123655.33333333333,242.26913409126783
i-01f539b055c2a5d34,2,46,126836.0,69.15923654870693
i-0243a74ede206f760,2,46,126725.66666666667,246.64617031961532
i-02765ba82e12781a4,2,46,123554.0,357.03081099535376
i-02ca0e36a4acaf9fc,2,46,124641.0,316.96529778510455
i-040dfb2d2a1990b9d,2,46,123902.0,35.34119409414458
i-048c3c6548c1a414a,2,46,125962.0,253.37916252130915
i-0507566c757134fb6,2,46,124209.66666666667,231.80451534284828
i-05e473f8ff82c1527,2,46,125899.0,379.86839826445157
i-067b2519b614c8f9d,2,46,123145.0,409.637644754483
i-06b96f53253b4cc2e,2,46,124580.33333333333,75.0755175362317
i-071a48cf857bce94f,2,46,123424.0,221.75887806353998
i-07379900fe80899d6,2,46,125030.0,450.15997156566465
i-0763ab86e85627573,2,46,117659.0,50.92150822589606
i-07998976f194caa97,2,46,124533.66666666667,277.83508297789206
i-07be1c77f6fdf8eda,2,46,124394.0,674.380456419075
i-07c76ac1348426483,2,46,123775.66666666667,393.98265613264215
i-0837f0f6a7a42ac68,2,46,125991.66666666667,388.19754421342327
i-084caea7d9c000ba9,2,46,123074.66666666667,252.5951965761281
i-08559b79281547ef2,2,46,124162.0,195.46866756592985
i-08e70b514c8c3cd5a,2,46,126861.0,402.31703916190276
i-08ff78a502245298a,2,46,126988.0,477.0670812370101
i-095d06d26dd29ecec,2,46,124126.33333333333,539.199715628014
i-0977cb2af690d36fd,2,46,128345.66666666667,118.4919125228954
i-09c658651b17c197e,2,46,124561.66666666667,273.10315511420646
i-0aecb3d1daeccc874,2,46,125068.0,93.6162379077476
i-0b138e3642a677559,2,46,123295.0,257.44708194112434
i-0b3a38b18367faa71,2,46,125701.0,90.42123644365851
i-0ba417327f988ba2b,2,46,123281.66666666667,122.51666553303225
i-0bfaa8f4e041c36fa,2,46,124397.66666666667,44.37717130837838
i-0c3e9f9e7b281edfe,2,46,128365.33333333333,263.7903207726435
i-0cc4b604b837f69d9,2,46,123714.0,282.324281633727
i-0d136c81f43ce8a29,2,46,126643.33333333333,364.1240631067035
i-0d1c421d52c368b29,2,46,122670.33333333333,267.7486383407629
i-0d44050a4e6a71d7c,2,46,123999.66666666667,215.35397217913786
i-0d6feb91baa545931,2,46,121818.33333333333,374.06728450017505
i-0dcfa6d3bc470d28d,2,46,125027.0,125.38341198101126
i-0e167bbfcd6a685f5,2,46,125747.66666666667,338.04930606840765
i-0ede59d8254436a40,2,46,127297.0,288.5324938373493
i-0f285214d5c41327e,2,46,126675.66666666667,187.25739860772737
i-0f472084ac3992ad9,2,46,126469.66666666667,246.82247331499954
i-0009b7735dea24732,3,45,127170.33333333333,192.36510425057048
i-002f7e27ea3e0bc1c,3,45,125858.0,367.89808371341104
i-007e12c9530b8cdea,3,45,125318.0,433.96197990146555
i-008e6f72c7403b5d3,3,45,127709.33333333333,242.09158046766598
i-00ba7a56c944e5a25,3,45,127472.0,297.56175829565194
i-00d71d40b42658392,3,45,126195.33333333333,481.0450429360382
i-01f539b055c2a5d34,3,45,127562.66666666667,94.29916931412312
i-0243a74ede206f760,3,45,127374.0,165.21803775617238
i-02765ba82e12781a4,3,45,125857.0,214.5437018418392
i-02ca0e36a4acaf9fc,3,45,125491.66666666667,375.4122178796727
i-040dfb2d2a1990b9d,3,45,126561.66666666667,215.5605096796123
i-048c3c6548c1a414a,3,45,126786.66666666667,415.88620238393946
i-0507566c757134fb6,3,45,127364.0,260.05191789333145
i-05e473f8ff82c1527,3,45,127071.0,329.40400726159965
i-067b2519b614c8f9d,3,45,126103.66666666667,112.17991501750103
i-06b96f53253b4cc2e,3,45,127051.33333333333,246.17338063513756
i-071a48cf857bce94f,3,45,125536.0,147.9290370414139
i-07379900fe80899d6,3,45,126115.33333333333,136.78206510114393
i-0763ab86e85627573,3,45,118435.66666666667,165.31585929164206
i-07998976f194caa97,3,45,127066.0,226.27637967759694
i-07be1c77f6fdf8eda,3,45,127237.33333333333,160.28204307823341
i-07c76ac1348426483,3,45,124766.0,208.0288441538817
i-0837f0f6a7a42ac68,3,45,127040.66666666667,49.521039299811854
i-084caea7d9c000ba9,3,45,125437.66666666667,430.6185473633642
i-08559b79281547ef2,3,45,126958.66666666667,301.40725494475686
i-08e70b514c8c3cd5a,3,45,127705.33333333333,117.93359713556343
i-08ff78a502245298a,3,45,127925.33333333333,178.00374527894795
i-095d06d26dd29ecec,3,45,127522.0,88.01704380402695
i-0977cb2af690d36fd,3,45,128967.33333333333,327.5672958848794
i-09c658651b17c197e,3,45,125702.0,207.0289834781594
i-0b138e3642a677559,3,45,125793.66666666667,372.71615652307673
i-0b3a38b18367faa71,3,45,126643.66666666667,235.55537211733062
i-0ba417327f988ba2b,3,45,126517.33333333333,84.89012506371799
i-0bfaa8f4e041c36fa,3,45,126813.66666666667,82.40347889096223
i-0c3e9f9e7b281edfe,3,45,129274.66666666667,290.2452985550916
i-0cc4b604b837f69d9,3,45,126214.0,160.70158679988197
i-0d136c81f43ce8a29,3,45,127383.0,274.534150881088
i-0d1c421d52c368b29,3,45,125035.0,185.92202666709505
i-0d44050a4e6a71d7c,3,45,126428.66666666667,79.68897874445145
i-0d6feb91baa545931,3,45,124465.33333333333,222.62150240561354
i-0dcfa6d3bc470d28d,3,45,127859.33333333333,521.0780491762565
i-0e167bbfcd6a685f5,3,45,126804.33333333333,254.51980931419126
i-0ede59d8254436a40,3,45,128155.0,196.40519341402356
i-0f285214d5c41327e,3,45,127759.66666666667,208.52178143621867
i-0f472084ac3992ad9,3,45,128930.33333333333,302.72815087687695
i-0009b7735dea24732,4,44,127250.33333333333,468.6473443148218
i-002f7e27ea3e0bc1c,4,44,127493.66666666667,465.02616413846323
i-007e12c9530b8cdea,4,44,126875.33333333333,466.4657900996958
i-008e6f72c7403b5d3,4,44,128233.0,140.80127840328723
i-00ba7a56c944e5a25,4,44,127302.66666666667,289.0957165599875
i-00d71d40b42658392,4,44,128699.0,170.7893439298834
i-01f539b055c2a5d34,4,44,127543.66666666667,156.3116545025764
i-0243a74ede206f760,4,44,127388.0,413.7426736511476
i-02765ba82e12781a4,4,44,127510.33333333333,204.47575243371244
i-02ca0e36a4acaf9fc,4,44,125542.0,702.563876099533
i-048c3c6548c1a414a,4,44,126550.33333333333,169.35564157515924
i-0507566c757134fb6,4,44,129365.33333333333,141.00472805311776
i-05e473f8ff82c1527,4,44,126948.66666666667,390.3041549014457
i-067b2519b614c8f9d,4,44,127210.0,326.501148543156
i-06b96f53253b4cc2e,4,44,128611.0,331.81320046074114
i-071a48cf857bce94f,4,44,127250.0,76.39371701913711
i-07379900fe80899d6,4,44,125877.66666666667,220.01893857878053
i-0763ab86e85627573,4,44,118088.33333333333,219.26316000033736
i-07998976f194caa97,4,44,128287.33333333333,163.96747644985476
i-07be1c77f6fdf8eda,4,44,128733.0,339.0176986530349
i-07c76ac1348426483,4,44,124045.66666666667,701.9332826795836
i-0837f0f6a7a42ac68,4,44,126865.0,231.92024491190932
i-084caea7d9c000ba9,4,44,126817.66666666667,260.2966256664378
i-08559b79281547ef2,4,44,128221.33333333333,427.13502939156643
i-08e70b514c8c3cd5a,4,44,127464.0,349.43239689530793
i-08ff78a502245298a,4,44,127727.0,224.9599964438122
i-095d06d26dd29ecec,4,44,129017.0,194.6561070195333
i-0977cb2af690d36fd,4,44,129156.0,303.1550758275375
i-09c658651b17c197e,4,44,125345.66666666667,160.88608806647642
i-0b138e3642a677559,4,44,127118.0,174.93998971075766
i-0b3a38b18367faa71,4,44,126667.33333333333,172.5871760396257
i-0ba417327f988ba2b,4,44,127763.33333333333,404.6978296622489
i-0bfaa8f4e041c36fa,4,44,128146.33333333333,217.9135914378317
i-0c3e9f9e7b281edfe,4,44,129650.0,150.46261994262895
i-0cc4b604b837f69d9,4,44,127898.66666666667,41.88476254359592
i-0d136c81f43ce8a29,4,44,127059.33333333333,177.9054055764858
i-0d1c421d52c368b29,4,44,126731.0,226.77962871475032
i-0d44050a4e6a71d7c,4,44,127900.33333333333,63.43763341529404
i-0d6feb91baa545931,4,44,126744.0,47.57099956906519
i-0dcfa6d3bc470d28d,4,44,129955.66666666667,477.4142156799822
i-0e167bbfcd6a685f5,4,44,126596.33333333333,61.64684366075102
i-0ede59d8254436a40,4,44,128256.33333333333,392.7407966246121
i-0f285214d5c41327e,4,44,127798.66666666667,298.973800412902
i-0f472084ac3992ad9,4,44,130378.33333333333,420.1099062547021
i-0009b7735dea24732,5,43,127360.0,67.7347768875044
i-002f7e27ea3e0bc1c,5,43,128680.0,214.25218785347326
i-007e12c9530b8cdea,5,43,128288.0,167.52014804195943
i-008e6f72c7403b5d3,5,43,128036.66666666667,55.509758901774354
i-00ba7a56c944e5a25,5,43,127362.0,261.9312886999184
i-00d71d40b42658392,5,43,130058.33333333333,305.14969004299184
i-01f539b055c2a5d34,5,43,127519.0,275.84234627772435
i-0243a74ede206f760,5,43,127366.0,77.87168933572714
i-02ca0e36a4acaf9fc,5,43,125592.0,445.5928634976103
i-048c3c6548c1a414a,5,43,126491.33333333333,129.51576480619372
i-0507566c757134fb6,5,43,130125.33333333333,299.5351954834894
i-05e473f8ff82c1527,5,43,127176.0,190.5492062434268
i-067b2519b614c8f9d,5,43,128229.33333333333,719.8932791277679
i-06b96f53253b4cc2e,5,43,130081.0,128.99224782908468
i-071a48cf857bce94f,5,43,128925.66666666667,536.9770324076549
i-07379900fe80899d6,5,43,125893.0,263.1710470397532
i-0763ab86e85627573,5,43,118510.66666666667,238.49807825920178
i-07998976f194caa97,5,43,129365.66666666667,380.12673325265087
i-07be1c77f6fdf8eda,5,43,129976.0,27.2213151776324
i-07c76ac1348426483,5,43,124595.66666666667,181.58285528466803
i-0837f0f6a7a42ac68,5,43,126866.66666666667,221.29693475810754
i-084caea7d9c000ba9,5,43,127917.0,187.5499933351105
i-08559b79281547ef2,5,43,129626.66666666667,272.31660495337735
i-08e70b514c8c3cd5a,5,43,127540.33333333333,378.90939990099844
i-08ff78a502245298a,5,43,127823.33333333333,228.34695823096234
i-095d06d26dd29ecec,5,43,130087.33333333333,395.22440882786447
i-0977cb2af690d36fd,5,43,129567.0,200.6713731452496
i-09c658651b17c197e,5,43,125609.0,112.46777316191515
i-0b138e3642a677559,5,43,128194.66666666667,276.7857173579088
i-0b3a38b18367faa71,5,43,126588.66666666667,286.1508925957316
i-0ba417327f988ba2b,5,43,129315.0,136.864896887405
i-0bfaa8f4e041c36fa,5,43,129343.66666666667,250.0726561088456
i-0c3e9f9e7b281edfe,5,43,129678.0,221.6100178241047
i-0cc4b604b837f69d9,5,43,128777.33333333333,347.00048030706495
i-0d136c81f43ce8a29,5,43,127105.66666666667,271.00061500545013
i-0d1c421d52c368b29,5,43,128596.33333333333,249.71450365033664
i-0d44050a4e6a71d7c,5,43,129187.0,149.96332885075606
i-0d6feb91baa545931,5,43,128535.66666666667,323.33006871204174
i-0dcfa6d3bc470d28d,5,43,131294.0,154.5736070614903
i-0e167bbfcd6a685f5,5,43,126828.0,167.91962362987834
i-0ede59d8254436a40,5,43,128432.66666666667,450.7308879290754
i-0f285214d5c41327e,5,43,127800.33333333333,358.5977319132587
i-0f472084ac3992ad9,5,43,131369.0,250.08798451744937
i-0009b7735dea24732,6,42,128788.33333333333,159.70702343144708
i-002f7e27ea3e0bc1c,6,42,128963.0,563.9849288766501
i-007e12c9530b8cdea,6,42,128298.0,148.29362764461592
i-008e6f72c7403b5d3,6,42,129392.66666666667,165.47003756974743
i-00ba7a56c944e5a25,6,42,128491.0,81.6639455328972
i-00d71d40b42658392,6,42,129847.33333333333,131.94822216814043
i-01f539b055c2a5d34,6,42,129040.66666666667,302.01379659434923
i-0243a74ede206f760,6,42,128817.0,217.0
i-02ca0e36a4acaf9fc,6,42,127144.66666666667,151.77066031790483
i-048c3c6548c1a414a,6,42,128157.0,238.9916316526585
i-0507566c757134fb6,6,42,130352.66666666667,367.30958785925367
i-067b2519b614c8f9d,6,42,129084.0,397.2870498770379
i-06b96f53253b4cc2e,6,42,129908.66666666667,262.3477336157761
i-071a48cf857bce94f,6,42,128989.0,276.78692165635283
i-07379900fe80899d6,6,42,127279.33333333333,457.9850798151963
i-0763ab86e85627573,6,42,119922.66666666667,296.3398949404797
i-07998976f194caa97,6,42,129480.66666666667,70.81195755897146
i-07be1c77f6fdf8eda,6,42,129958.66666666667,388.6660949109593
i-07c76ac1348426483,6,42,126500.33333333333,160.3756008042807
i-0837f0f6a7a42ac68,6,42,128753.0,137.85136923512948
i-084caea7d9c000ba9,6,42,128258.33333333333,140.4291042958432
i-08559b79281547ef2,6,42,129962.0,437.0308913566637
i-08e70b514c8c3cd5a,6,42,129051.66666666667,262.17805654427724
i-08ff78a502245298a,6,42,129708.0,230.41701326073994
i-095d06d26dd29ecec,6,42,130282.33333333333,210.2387531672839
i-0977cb2af690d36fd,6,42,130786.33333333333,72.11333672305743
i-09c658651b17c197e,6,42,127542.66666666667,259.01608701648973
i-0b138e3642a677559,6,42,128529.0,139.77481890526633
i-0b3a38b18367faa71,6,42,127792.33333333333,144.1954691844849
i-0ba417327f988ba2b,6,42,128760.0,73.32803011127464
i-0bfaa8f4e041c36fa,6,42,129388.0,93.37558567420072
i-0c3e9f9e7b281edfe,6,42,131040.33333333333,107.74661634284938
i-0cc4b604b837f69d9,6,42,128994.33333333333,239.53357454297125
i-0d136c81f43ce8a29,6,42,128920.33333333333,126.80825420031931
i-0d1c421d52c368b29,6,42,128613.66666666667,182.40705395716782
i-0d44050a4e6a71d7c,6,42,129195.0,212.5723406278437
i-0d6feb91baa545931,6,42,128305.0,253.1422524984717
i-0dcfa6d3bc470d28d,6,42,130935.0,124.74373731775074
i-0e167bbfcd6a685f5,6,42,128708.33333333333,184.0498120980675
i-0ede59d8254436a40,6,42,129901.0,78.46018098373213
i-0f285214d5c41327e,6,42,128836.33333333333,519.3277706163335
i-0f472084ac3992ad9,6,42,131530.66666666666,148.70216317637184
i-0009b7735dea24732,7,41,128912.0,326.07821147694
i-002f7e27ea3e0bc1c,7,41,133162.0,183.5755975068582
i-007e12c9530b8cdea,7,41,132339.66666666666,245.18632370777092
i-008e6f72c7403b5d3,7,41,129400.66666666667,391.26632021339606
i-00ba7a56c944e5a25,7,41,128595.33333333333,258.6142558586674
i-00d71d40b42658392,7,41,134312.33333333334,58.70547958524446
i-01f539b055c2a5d34,7,41,129307.66666666667,91.2432645916053
i-0243a74ede206f760,7,41,128764.66666666667,302.15945018042123
i-02ca0e36a4acaf9fc,7,41,127420.66666666667,256.88972991019597
i-048c3c6548c1a414a,7,41,128253.33333333333,53.35103872778027
i-0507566c757134fb6,7,41,134490.33333333334,369.5001127649817
i-067b2519b614c8f9d,7,41,133729.0,309.0355966551426
i-06b96f53253b4cc2e,7,41,134542.0,254.41894583540747
i-07379900fe80899d6,7,41,127507.0,81.6639455328972
i-0763ab86e85627573,7,41,119498.0,245.7702178865454
i-07998976f194caa97,7,41,133724.33333333334,228.86094759336285
i-07be1c77f6fdf8eda,7,41,134614.0,329.7923589169403
i-07c76ac1348426483,7,41,126462.66666666667,350.3374563664781
i-0837f0f6a7a42ac68,7,41,128777.33333333333,218.527648899021
i-084caea7d9c000ba9,7,41,132650.66666666666,203.77029551270454
i-08559b79281547ef2,7,41,134507.66666666666,344.35059653401305
i-08e70b514c8c3cd5a,7,41,129377.66666666667,225.10960293451328
i-08ff78a502245298a,7,41,129347.0,107.64292823962009
i-095d06d26dd29ecec,7,41,134774.66666666666,511.61150625580404
i-0977cb2af690d36fd,7,41,130667.33333333333,345.36405912215577
i-09c658651b17c197e,7,41,127380.66666666667,85.65239829294734
i-0b138e3642a677559,7,41,133135.33333333334,293.21721186406023
i-0b3a38b18367faa71,7,41,127935.0,226.9339110842626
i-0ba417327f988ba2b,7,41,133640.66666666666,115.81162866195193
i-0bfaa8f4e041c36fa,7,41,133810.33333333334,239.95277313116182
i-0c3e9f9e7b281edfe,7,41,130919.66666666667,639.7674056509408
i-0cc4b604b837f69d9,7,41,133057.66666666666,268.775618933956
i-0d136c81f43ce8a29,7,41,128609.66666666667,580.93143600027
i-0d1c421d52c368b29,7,41,133060.0,275.35250135054156
i-0d44050a4e6a71d7c,7,41,133614.0,153.92205819829724
i-0d6feb91baa545931,7,41,132496.33333333334,82.24556725644187
i-0dcfa6d3bc470d28d,7,41,135492.66666666666,171.46817002969536
i-0e167bbfcd6a685f5,7,41,128984.0,273.66585464759754
i-0ede59d8254436a40,7,41,129887.33333333333,196.61722542375108
i-0f285214d5c41327e,7,41,128839.66666666667,83.57830659527303
i-0f472084ac3992ad9,7,41,135533.66666666666,266.7064553649408
i-0009b7735dea24732,8,40,128812.66666666667,319.15095696759676
i-002f7e27ea3e0bc1c,8,40,134613.33333333334,18.87679351301971
i-007e12c9530b8cdea,8,40,133880.66666666666,99.47026356320258
i-008e6f72c7403b5d3,8,40,129945.33333333333,365.13604770459597
i-00ba7a56c944e5a25,8,40,129103.66666666667,474.50219528821106
i-00d71d40b42658392,8,40,135872.33333333334,194.67237434554497
i-01f539b055c2a5d34,8,40,129517.66666666667,183.9411137656118
i-0243a74ede206f760,8,40,128893.66666666667,120.01805419741167
i-02ca0e36a4acaf9fc,8,40,127740.66666666667,176.19402184334655
i-048c3c6548c1a414a,8,40,128519.33333333333,68.0685928555425
i-0507566c757134fb6,8,40,135838.66666666666,166.35604387377083
i-067b2519b614c8f9d,8,40,135161.66666666666,276.4079111265332
i-06b96f53253b4cc2e,8,40,135622.66666666666,259.55795756117976
i-07379900fe80899d6,8,40,128010.33333333333,256.03189905426314
i-0763ab86e85627573,8,40,120183.0,101.14840582035883
i-07998976f194caa97,8,40,135769.66666666666,182.08331426392067
i-07be1c77f6fdf8eda,8,40,135702.66666666666,148.80300176183871
i-07c76ac1348426483,8,40,126977.0,187.96010214936572
i-0837f0f6a7a42ac68,8,40,129069.66666666667,190.31640321668004
i-084caea7d9c000ba9,8,40,134318.0,143.41896666759246
i-08559b79281547ef2,8,40,135954.0,127.75366922323602
i-08e70b514c8c3cd5a,8,40,129217.0,356.2527192878673
i-08ff78a502245298a,8,40,129258.33333333333,284.7882254120317
i-095d06d26dd29ecec,8,40,136608.0,135.5322839769182
i-0977cb2af690d36fd,8,40,130775.33333333333,231.29490554989044
i-09c658651b17c197e,8,40,127566.66666666667,56.92392584259472
i-0b138e3642a677559,8,40,134611.33333333334,360.73998022582805
i-0b3a38b18367faa71,8,40,128298.66666666667,270.77912277967954
i-0ba417327f988ba2b,8,40,134930.66666666666,289.31874003135636
i-0bfaa8f4e041c36fa,8,40,135057.0,334.9820890734309
i-0c3e9f9e7b281edfe,8,40,131236.0,335.19695702676063
i-0cc4b604b837f69d9,8,40,134916.33333333334,146.50028441383503
i-0d136c81f43ce8a29,8,40,128808.66666666667,97.3361871727761
i-0d1c421d52c368b29,8,40,134423.66666666666,126.87526683058807
i-0d44050a4e6a71d7c,8,40,134652.33333333334,170.41811327828978
i-0d6feb91baa545931,8,40,134441.33333333334,118.68164699452282
i-0dcfa6d3bc470d28d,8,40,136930.66666666666,372.001792110375
i-0e167bbfcd6a685f5,8,40,128994.0,281.5599403324273
i-0ede59d8254436a40,8,40,130112.66666666667,115.31406390086815
i-0f285214d5c41327e,8,40,129346.33333333333,442.5769236339997
i-0009b7735dea24732,9,39,129295.33333333333,248.12160996844665
i-002f7e27ea3e0bc1c,9,39,136431.33333333334,80.13322240702274
i-007e12c9530b8cdea,9,39,135389.0,122.5275479229059
i-008e6f72c7403b5d3,9,39,130003.0,167.60668244434646
i-00ba7a56c944e5a25,9,39,128816.0,116.50321883965266
i-00d71d40b42658392,9,39,137129.66666666666,232.3990820406443
i-01f539b055c2a5d34,9,39,129163.66666666667,207.11671427804697
i-0243a74ede206f760,9,39,129068.66666666667,207.05152337844365
i-02ca0e36a4acaf9fc,9,39,127553.0,259.098436892236
i-048c3c6548c1a414a,9,39,128213.66666666667,174.09863104956813
i-0507566c757134fb6,9,39,137146.0,127.07084638106413
i-067b2519b614c8f9d,9,39,136279.33333333334,446.5784738803823
i-06b96f53253b4cc2e,9,39,137324.66666666666,126.7530407261802
i-07379900fe80899d6,9,39,127689.66666666667,428.4347480461074
i-0763ab86e85627573,9,39,120132.0,652.3672278709286
i-07998976f194caa97,9,39,136712.66666666666,142.70365564110307
i-07be1c77f6fdf8eda,9,39,138002.0,529.2834779208586
i-07c76ac1348426483,9,39,126600.33333333333,193.4536981640118
i-0837f0f6a7a42ac68,9,39,129175.0,71.33722730804723
i-084caea7d9c000ba9,9,39,136146.33333333334,468.11572643240316
i-08559b79281547ef2,9,39,137406.66666666666,351.1201124021975
i-08e70b514c8c3cd5a,9,39,129206.33333333333,206.93557773696878
i-08ff78a502245298a,9,39,129314.33333333333,305.0546399144477
i-0977cb2af690d36fd,9,39,130423.66666666667,552.8800352095669
i-09c658651b17c197e,9,39,127586.33333333333,177.50023474162677
i-0b138e3642a677559,9,39,136038.66666666666,177.90540557648094
i-0b3a38b18367faa71,9,39,127765.66666666667,512.5430063256463
i-0ba417327f988ba2b,9,39,136144.0,133.2816566523691
i-0bfaa8f4e041c36fa,9,39,136281.66666666666,169.21386861996382
i-0c3e9f9e7b281edfe,9,39,130846.66666666667,201.92655430460988
i-0cc4b604b837f69d9,9,39,136080.33333333334,182.4015716306541
i-0d136c81f43ce8a29,9,39,128809.0,203.2707553978191
i-0d1c421d52c368b29,9,39,135690.0,150.8509197850646
i-0d44050a4e6a71d7c,9,39,136601.66666666666,225.7107293270185
i-0d6feb91baa545931,9,39,135785.0,369.6579500024313
i-0dcfa6d3bc470d28d,9,39,138438.0,308.4866285594888
i-0e167bbfcd6a685f5,9,39,128916.0,132.36691429507601
i-0ede59d8254436a40,9,39,130116.33333333333,55.13921774320993
i-0f285214d5c41327e,9,39,129269.66666666667,171.94863574141482
i-0009b7735dea24732,10,38,129225.66666666667,140.19391332484003
i-002f7e27ea3e0bc1c,10,38,137573.33333333334,374.4440323110121
i-007e12c9530b8cdea,10,38,136620.66666666666,198.28346712051894
i-008e6f72c7403b5d3,10,38,130236.33333333333,55.59076661940838
i-00ba7a56c944e5a25,10,38,128871.0,438.1312588711287
i-00d71d40b42658392,10,38,138641.33333333334,7.637626158256558
i-01f539b055c2a5d34,10,38,129400.66666666667,404.7830694746652
i-0243a74ede206f760,10,38,129180.66666666667,126.89496969278491
i-02ca0e36a4acaf9fc,10,38,127841.33333333333,226.08921542907387
i-048c3c6548c1a414a,10,38,128375.0,226.87441459979573
i-0507566c757134fb6,10,38,138592.0,150.6220435394501
i-067b2519b614c8f9d,10,38,137917.0,377.82667984143205
i-06b96f53253b4cc2e,10,38,138651.33333333334,239.59201433547742
i-07379900fe80899d6,10,38,127766.0,352.15337567599715
i-0763ab86e85627573,10,38,120087.66666666667,410.1028326326601
i-07998976f194caa97,10,38,138615.0,220.3792186209943
i-07be1c77f6fdf8eda,10,38,139791.33333333334,297.2883000276528
i-07c76ac1348426483,10,38,127126.66666666667,138.5869161693608
i-0837f0f6a7a42ac68,10,38,129309.0,340.76238055278344
i-084caea7d9c000ba9,10,38,137244.0,258.3621489305274
i-08559b79281547ef2,10,38,138875.0,220.53571139386926
i-08e70b514c8c3cd5a,10,38,129557.66666666667,103.36504889629542
i-08ff78a502245298a,10,38,129494.66666666667,360.1129452454215
i-0977cb2af690d36fd,10,38,130657.66666666667,334.09928663996436
i-09c658651b17c197e,10,38,127483.33333333333,182.89158901746458
i-0b138e3642a677559,10,38,137363.0,284.77535005684746
i-0b3a38b18367faa71,10,38,128294.66666666667,447.9356352572684
i-0ba417327f988ba2b,10,38,138180.66666666666,257.8998513635357
i-0c3e9f9e7b281edfe,10,38,131184.33333333334,163.2676738773927
i-0cc4b604b837f69d9,10,38,137286.33333333334,298.65755194425196
i-0d136c81f43ce8a29,10,38,128875.66666666667,329.02482175868124
i-0d1c421d52c368b29,10,38,137329.33333333334,93.22195735626939
i-0d44050a4e6a71d7c,10,38,138250.66666666666,210.21496933694863
i-0d6feb91baa545931,10,38,137077.66666666666,261.68747263354993
i-0dcfa6d3bc470d28d,10,38,139622.33333333334,228.368853684848
i-0e167bbfcd6a685f5,10,38,128802.33333333333,85.42443054146307
i-0ede59d8254436a40,10,38,130113.66666666667,205.23482485517113
i-0f285214d5c41327e,10,38,129490.0,396.8513575635089
i-0009b7735dea24732,11,37,133058.33333333334,471.0895173248246
i-002f7e27ea3e0bc1c,11,37,137769.33333333334,433.04657178337857
i-007e12c9530b8cdea,11,37,136527.0,286.04719890255876
i-008e6f72c7403b5d3,11,37,134121.33333333334,166.92014058625372
i-00ba7a56c944e5a25,11,37,133328.66666666666,28.919428302324583
i-00d71d40b42658392,11,37,138568.0,78.56207736560943
i-01f539b055c2a5d34,11,37,133128.0,176.57009939398006
i-0243a74ede206f760,11,37,133148.66666666666,249.3197411624907
i-02ca0e36a4acaf9fc,11,37,131659.66666666666,104.78708571829098
i-048c3c6548c1a414a,11,37,132628.66666666666,168.1675751544702
i-0507566c757134fb6,11,37,138470.0,458.5269893910281
i-067b2519b614c8f9d,11,37,138021.66666666666,322.7388004769977
i-06b96f53253b4cc2e,11,37,139193.33333333334,145.49684990862454
i-07379900fe80899d6,11,37,132294.66666666666,318.17657571438406
i-0763ab86e85627573,11,37,124053.0,94.46163242290491
i-07998976f194caa97,11,37,138558.33333333334,96.99656351301212
i-07be1c77f6fdf8eda,11,37,139453.0,174.0775689168481
i-07c76ac1348426483,11,37,131222.33333333334,232.6721584834223
i-0837f0f6a7a42ac68,11,37,133680.66666666666,119.37476003465888
i-084caea7d9c000ba9,11,37,137287.66666666666,297.6076835925658
i-08559b79281547ef2,11,37,138815.33333333334,164.5002532926151
i-08e70b514c8c3cd5a,11,37,134032.0,231.92886840581102
i-08ff78a502245298a,11,37,133788.33333333334,276.5001506931481
i-0977cb2af690d36fd,11,37,134790.33333333334,485.1456825875416
i-09c658651b17c197e,11,37,132343.33333333334,351.5427901882446
i-0b138e3642a677559,11,37,137472.0,166.82625692618055
i-0ba417327f988ba2b,11,37,137785.33333333334,197.14546237064255
i-0c3e9f9e7b281edfe,11,37,135315.66666666666,185.52717680526484
i-0cc4b604b837f69d9,11,37,137360.33333333334,108.28819572480094
i-0d136c81f43ce8a29,11,37,132821.33333333334,211.95361127693621
i-0d1c421d52c368b29,11,37,137117.66666666666,61.43560314128286
i-0d44050a4e6a71d7c,11,37,137733.0,195.76771950451894
i-0d6feb91baa545931,11,37,137320.0,76.73982017179868
i-0dcfa6d3bc470d28d,11,37,139548.0,47.634021455258214
i-0e167bbfcd6a685f5,11,37,133217.66666666666,251.46040112377992
i-0ede59d8254436a40,11,37,134363.0,263.2793193549391
i-0f285214d5c41327e,11,37,133987.66666666666,279.15288523196574
i-0009b7735dea24732,12,36,134427.0,161.0248428038357
i-002f7e27ea3e0bc1c,12,36,137917.0,176.71445894436596
i-007e12c9530b8cdea,12,36,136540.66666666666,159.6757130353018
i-008e6f72c7403b5d3,12,36,135801.33333333334,146.13806257554657
i-00ba7a56c944e5a25,12,36,134544.0,159.84992962150469
i-00d71d40b42658392,12,36,138515.0,49.36598018878993
i-01f539b055c2a5d34,12,36,134824.66666666666,430.65337956799317
i-0243a74ede206f760,12,36,134552.66666666666,92.3598036665982
i-02ca0e36a4acaf9fc,12,36,133885.33333333334,315.5888675687594
i-048c3c6548c1a414a,12,36,134487.0,210.459022139703
i-0507566c757134fb6,12,36,138785.66666666666,394.5001056189115
i-067b2519b614c8f9d,12,36,137872.0,255.44666762359614
i-06b96f53253b4cc2e,12,36,138743.66666666666,203.22975503929464
i-0763ab86e85627573,12,36,125921.33333333333,285.2653735267094
i-07998976f194caa97,12,36,138621.33333333334,409.9235701119613
i-07be1c77f6fdf8eda,12,36,139369.66666666666,263.9059175792275
i-07c76ac1348426483,12,36,133557.33333333334,478.7758696230729
i-0837f0f6a7a42ac68,12,36,135667.0,4.58257569495584
i-084caea7d9c000ba9,12,36,137118.66666666666,155.5452774382191
i-08559b79281547ef2,12,36,138729.66666666666,414.04387851208463
i-08e70b514c8c3cd5a,12,36,135339.66666666666,243.0171461714822
i-08ff78a502245298a,12,36,135680.66666666666,229.210238282094
i-0977cb2af690d36fd,12,36,136803.0,176.68050260286222
i-09c658651b17c197e,12,36,133660.33333333334,208.6967496951784
i-0b138e3642a677559,12,36,137371.66666666666,145.22511261257046
i-0ba417327f988ba2b,12,36,137634.66666666666,127.37477510611896
i-0c3e9f9e7b281edfe,12,36,136880.0,476.5070828434767
i-0cc4b604b837f69d9,12,36,136547.0,755.3654744559086
i-0d136c81f43ce8a29,12,36,134664.66666666666,164.04369336653173
i-0d1c421d52c368b29,12,36,136505.33333333334,207.94310119196757
i-0d44050a4e6a71d7c,12,36,138121.0,288.37995769470524
i-0d6feb91baa545931,12,36,137274.66666666666,344.1646892598558
i-0dcfa6d3bc470d28d,12,36,139585.66666666666,249.91465209813452
i-0e167bbfcd6a685f5,12,36,135481.33333333334,141.9589142439971
i-0ede59d8254436a40,12,36,136009.33333333334,70.31595361888854
i-0f285214d5c41327e,12,36,135498.0,237.85920205028856
i-0009b7735dea24732,13,35,135746.66666666666,72.19649114280926
i-002f7e27ea3e0bc1c,13,35,137633.66666666666,261.832643750417
i-007e12c9530b8cdea,13,35,137214.0,257.489805623446
i-00ba7a56c944e5a25,13,35,136189.66666666666,130.46966441795374
i-00d71d40b42658392,13,35,138782.66666666666,411.57542848587366
i-01f539b055c2a5d34,13,35,136240.33333333334,188.6168956730356
i-0243a74ede206f760,13,35,136403.33333333334,176.8172314378118
i-02ca0e36a4acaf9fc,13,35,135017.0,721.7748956565337
i-048c3c6548c1a414a,13,35,135891.33333333334,202.84558987893934
i-0507566c757134fb6,13,35,138698.0,185.57208841849035
i-067b2519b614c8f9d,13,35,137880.66666666666,339.47655785537034
i-06b96f53253b4cc2e,13,35,138508.33333333334,305.20867178592914
i-0763ab86e85627573,13,35,127397.66666666667,376.5532277558312
i-07998976f194caa97,13,35,138426.33333333334,615.240061547798
i-07be1c77f6fdf8eda,13,35,139766.0,66.14378277661477
i-07c76ac1348426483,13,35,134884.66666666666,235.8481149666695
i-0837f0f6a7a42ac68,13,35,137467.0,230.2411778983073
i-084caea7d9c000ba9,13,35,137003.0,518.8034309832578
i-08559b79281547ef2,13,35,138964.0,58.966091951222275
i-08e70b514c8c3cd5a,13,35,136330.66666666666,178.67941496807103
i-08ff78a502245298a,13,35,136927.33333333334,131.02035465275645
i-0977cb2af690d36fd,13,35,138483.66666666666,153.93938200906908
i-09c658651b17c197e,13,35,135065.33333333334,377.70402874914515
i-0b138e3642a677559,13,35,137539.33333333334,39.80368492154297
i-0ba417327f988ba2b,13,35,137977.66666666666,77.31321577410677
i-0c3e9f9e7b281edfe,13,35,138368.66666666666,220.65886189621824
i-0cc4b604b837f69d9,13,35,137428.33333333334,206.28701688020752
i-0d136c81f43ce8a29,13,35,136159.33333333334,162.37097441763694
i-0d1c421d52c368b29,13,35,136922.33333333334,256.4806685372878
i-0d44050a4e6a71d7c,13,35,138176.66666666666,241.05047880752025
i-0d6feb91baa545931,13,35,137316.0,29.0516780926679
i-0dcfa6d3bc470d28d,13,35,139258.66666666666,134.53747928860705
i-0e167bbfcd6a685f5,13,35,136372.0,135.87862230682205
i-0ede59d8254436a40,13,35,137511.66666666666,165.68142120748502
i-0f285214d5c41327e,13,35,137301.66666666666,157.02653703541117
i-0009b7735dea24732,14,34,137065.66666666666,117.41095917048551
i-002f7e27ea3e0bc1c,14,34,137809.33333333334,506.64616186578826
i-007e12c9530b8cdea,14,34,137329.66666666666,450.1836662222841
i-00ba7a56c944e5a25,14,34,138243.33333333334,536.1430157461114
i-00d71d40b42658392,14,34,138464.33333333334,401.2596831645707
i-01f539b055c2a5d34,14,34,137318.66666666666,51.43280405863173
i-0243a74ede206f760,14,34,137901.0,348.03879094146964
i-02ca0e36a4acaf9fc,14,34,136838.33333333334,82.76674050205168
i-0507566c757134fb6,14,34,138456.0,186.36523280912672
i-067b2519b614c8f9d,14,34,138789.0,639.5052775388175
i-06b96f53253b4cc2e,14,34,138675.33333333334,247.24549203844902
i-0763ab86e85627573,14,34,128825.33333333333,526.4089031668577
i-07998976f194caa97,14,34,137913.66666666666,152.58221827373538
i-07be1c77f6fdf8eda,14,34,139555.66666666666,173.6500311930134
i-07c76ac1348426483,14,34,136822.0,136.71503209230505
i-0837f0f6a7a42ac68,14,34,138798.66666666666,234.81340109400267
i-084caea7d9c000ba9,14,34,137082.66666666666,274.15384975107
i-08559b79281547ef2,14,34,139213.66666666666,263.9059175792243
i-08e70b514c8c3cd5a,14,34,137710.66666666666,148.9642015161164
i-08ff78a502245298a,14,34,138919.66666666666,175.24363992263193
i-0977cb2af690d36fd,14,34,140097.0,221.54909162530998
i-09c658651b17c197e,14,34,136675.0,149.22801345591918
i-0b138e3642a677559,14,34,137139.66666666666,60.25224753761338
i-0ba417327f988ba2b,14,34,137972.0,308.1752748031548
i-0c3e9f9e7b281edfe,14,34,139261.66666666666,461.7535417658788
i-0cc4b604b837f69d9,14,34,137559.66666666666,295.18186484493816
i-0d136c81f43ce8a29,14,34,138116.33333333334,296.2791476518926
i-0d1c421d52c368b29,14,34,136490.66666666666,322.2519718067461
i-0d44050a4e6a71d7c,14,34,138029.33333333334,105.64247882993809
i-0d6feb91baa545931,14,34,137375.0,51.21523210920751
i-0dcfa6d3bc470d28d,14,34,139565.66666666666,216.03317646448428
i-0e167bbfcd6a685f5,14,34,138108.66666666666,345.3828793286285
i-0ede59d8254436a40,14,34,139634.0,7.810249675906654
i-0f285214d5c41327e,14,34,138257.66666666666,352.68446709960233
i-0009b7735dea24732,15,33,148427.0,179.26795586495652
i-002f7e27ea3e0bc1c,15,33,137819.66666666666,268.29896260204777
i-007e12c9530b8cdea,15,33,136810.66666666666,89.47811650528443
i-00ba7a56c944e5a25,15,33,149914.33333333334,256.22320998171074
i-00d71d40b42658392,15,33,138613.66666666666,139.66507556771006
i-01f539b055c2a5d34,15,33,149162.0,676.739979608121
i-02ca0e36a4acaf9fc,15,33,148061.33333333334,206.14881356275788
i-0507566c757134fb6,15,33,138656.66666666666,230.94227272921222
i-067b2519b614c8f9d,15,33,138510.33333333334,217.15969546242226
i-06b96f53253b4cc2e,15,33,139123.33333333334,158.08963702068638
i-0763ab86e85627573,15,33,139249.33333333334,143.0046619286714
i-07998976f194caa97,15,33,138228.33333333334,131.5915397483224
i-07be1c77f6fdf8eda,15,33,139757.33333333334,251.28138278299673
i-07c76ac1348426483,15,33,148119.66666666666,75.71877794400525
i-0837f0f6a7a42ac68,15,33,150567.0,215.7985171404104
i-084caea7d9c000ba9,15,33,136994.66666666666,290.1126218097572
i-08559b79281547ef2,15,33,139023.33333333334,139.37120697379413
i-08e70b514c8c3cd5a,15,33,148899.0,140.81193131265547
i-08ff78a502245298a,15,33,150562.66666666666,63.089882971305435
i-0977cb2af690d36fd,15,33,151617.33333333334,284.33137943837994
i-09c658651b17c197e,15,33,147500.66666666666,229.61344327659688
i-0b138e3642a677559,15,33,137465.0,174.21538393609217
i-0ba417327f988ba2b,15,33,137897.66666666666,165.84430449470827
i-0c3e9f9e7b281edfe,15,33,150859.0,156.0416611036937
i-0cc4b604b837f69d9,15,33,137492.0,185.19989200860783
i-0d136c81f43ce8a29,15,33,149602.33333333334,26.31222782915387
i-0d1c421d52c368b29,15,33,136874.33333333334,112.43368415796309
i-0d44050a4e6a71d7c,15,33,138167.66666666666,183.4402718416352
i-0d6feb91baa545931,15,33,137739.0,344.0697603684462
i-0dcfa6d3bc470d28d,15,33,139533.0,449.6676550520395
i-0e167bbfcd6a685f5,15,33,149472.0,288.951553032684
i-0ede59d8254436a40,15,33,151249.66666666666,310.08762202534746
i-0f285214d5c41327e,15,33,149604.66666666666,142.72117338830466
i-0009b7735dea24732,16,32,148493.0,267.2246246138256
i-002f7e27ea3e0bc1c,16,32,148990.66666666666,458.7551997888767
i-007e12c9530b8cdea,16,32,147666.0,255.74792276771282
i-00ba7a56c944e5a25,16,32,149846.66666666666,208.62486269218198
i-00d71d40b42658392,16,32,150160.66666666666,84.34650753488651
i-01f539b055c2a5d34,16,32,149343.33333333334,90.29027263960326
i-02ca0e36a4acaf9fc,16,32,148101.33333333334,270.5445126653488
i-0507566c757134fb6,16,32,149552.33333333334,231.31003725159644
i-067b2519b614c8f9d,16,32,150019.0,453.2912970706585
i-06b96f53253b4cc2e,16,32,150444.66666666666,116.38871652068714
i-0763ab86e85627573,16,32,139171.0,143.0
i-07998976f194caa97,16,32,149200.33333333334,471.2985607163827
i-07be1c77f6fdf8eda,16,32,151276.33333333334,271.86087128039264
i-07c76ac1348426483,16,32,148196.33333333334,373.82125853586166
i-0837f0f6a7a42ac68,16,32,150623.33333333334,83.76355611681025
i-084caea7d9c000ba9,16,32,148025.66666666666,69.55094056396909
i-08559b79281547ef2,16,32,150568.66666666666,290.2177343535907
i-08e70b514c8c3cd5a,16,32,149058.33333333334,49.16638417998325
i-08ff78a502245298a,16,32,150561.0,169.23061188803874
i-0977cb2af690d36fd,16,32,151501.0,418.4304004252081
i-09c658651b17c197e,16,32,147839.0,173.27723451163456
i-0b138e3642a677559,16,32,148688.33333333334,118.7448244486219
i-0ba417327f988ba2b,16,32,149051.0,340.0
i-0c3e9f9e7b281edfe,16,32,150987.0,148.46211637990345
i-0cc4b604b837f69d9,16,32,148706.0,263.73471519691907
i-0d136c81f43ce8a29,16,32,149461.66666666666,119.7386041898495
i-0d1c421d52c368b29,16,32,147738.66666666666,102.57355084685823
i-0d6feb91baa545931,16,32,148644.33333333334,458.5328050786916
i-0dcfa6d3bc470d28d,16,32,151111.33333333334,200.54259730374525
i-0e167bbfcd6a685f5,16,32,149404.0,334.20203470356074
i-0ede59d8254436a40,16,32,150934.33333333334,207.56284188971352
i-0f285214d5c41327e,16,32,149953.0,200.19240744843447
i-0009b7735dea24732,17,31,150116.0,204.88289338058462
i-002f7e27ea3e0bc1c,17,31,149084.0,266.43385670743874
i-007e12c9530b8cdea,17,31,147993.0,373.54651651434256
i-00ba7a56c944e5a25,17,31,151299.66666666666,450.346903323793
i-00d71d40b42658392,17,31,150036.66666666666,127.64142483274107
i-02ca0e36a4acaf9fc,17,31,150469.0,166.14150595200465
i-0507566c757134fb6,17,31,150094.66666666666,372.942801691265
i-067b2519b614c8f9d,17,31,150545.66666666666,420.87092241366577
i-06b96f53253b4cc2e,17,31,150889.66666666666,244.25055441765386
i-0763ab86e85627573,17,31,140607.0,339.71605790718814
i-07998976f194caa97,17,31,148863.33333333334,268.2579604286412
i-07be1c77f6fdf8eda,17,31,151188.0,604.6478313861714
i-07c76ac1348426483,17,31,149391.66666666666,668.441720221986
i-0837f0f6a7a42ac68,17,31,152274.33333333334,451.4513631980049
i-084caea7d9c000ba9,17,31,148424.33333333334,26.72701504720314
i-08559b79281547ef2,17,31,150341.66666666666,354.37879921537433
i-08e70b514c8c3cd5a,17,31,151034.0,424.90469519646405
i-08ff78a502245298a,17,31,151801.66666666666,179.50580306311
i-0977cb2af690d36fd,17,31,153188.66666666666,491.3912222794904
i-09c658651b17c197e,17,31,149335.33333333334,266.60145035864525
i-0b138e3642a677559,17,31,148521.66666666666,401.4527784600956
i-0ba417327f988ba2b,17,31,149060.33333333334,290.28663994978166
i-0c3e9f9e7b281edfe,17,31,152593.0,450.0811038024147
i-0cc4b604b837f69d9,17,31,148860.33333333334,293.1455838543978
i-0d136c81f43ce8a29,17,31,151254.66666666666,220.59993955877334
i-0d1c421d52c368b29,17,31,147814.33333333334,171.0740580372567
i-0d6feb91baa545931,17,31,149113.66666666666,368.82561371647023
i-0dcfa6d3bc470d28d,17,31,151387.33333333334,208.86438981629792
i-0e167bbfcd6a685f5,17,31,151142.0,202.0123758585102
i-0ede59d8254436a40,17,31,152498.0,88.89881888979178
i-0f285214d5c41327e,17,31,151595.33333333334,535.6961203269423
i-0009b7735dea24732,18,30,151586.33333333334,231.61246368305268
i-002f7e27ea3e0bc1c,18,30,149653.66666666666,168.4913449804826
i-007e12c9530b8cdea,18,30,147932.33333333334,293.30246049655784
i-00ba7a56c944e5a25,18,30,152840.33333333334,191.06630611735883
i-00d71d40b42658392,18,30,150028.66666666666,128.04816802021776
i-02ca0e36a4acaf9fc,18,30,151919.0,392.4194184797689
i-0507566c757134fb6,18,30,150185.33333333334,286.68856505506596
i-067b2519b614c8f9d,18,30,150375.66666666666,490.63666122022704
i-06b96f53253b4cc2e,18,30,150814.0,129.29423807734048
i-0763ab86e85627573,18,30,142518.0,190.78784028338913
i-07998976f194caa97,18,30,149182.33333333334,153.51330018383473
i-07be1c77f6fdf8eda,18,30,151403.66666666666,745.271315249238
i-07c76ac1348426483,18,30,151001.66666666666,52.1664004253048
i-0837f0f6a7a42ac68,18,30,153976.0,246.45283524439316
i-084caea7d9c000ba9,18,30,148394.0,339.90734031497465
i-08559b79281547ef2,18,30,150005.0,151.594854793954
i-08e70b514c8c3cd5a,18,30,152707.0,196.9289211873157
i-08ff78a502245298a,18,30,153836.66666666666,276.1780826447531
i-0977cb2af690d36fd,18,30,154845.0,201.00746254803576
i-09c658651b17c197e,18,30,151892.66666666666,67.14412359494146
i-0b138e3642a677559,18,30,148535.66666666666,211.9300198965042
i-0ba417327f988ba2b,18,30,149203.0,402.07959411041986
i-0c3e9f9e7b281edfe,18,30,154205.66666666666,130.77588972487482
i-0cc4b604b837f69d9,18,30,148856.0,295.3760315259178
i-0d136c81f43ce8a29,18,30,152707.33333333334,131.00127225845668
i-0d1c421d52c368b29,18,30,147979.33333333334,86.39637338067286
i-0d6feb91baa545931,18,30,149012.33333333334,192.36510425056875
i-0dcfa6d3bc470d28d,18,30,151582.0,297.7263844539143
i-0ede59d8254436a40,18,30,154586.0,128.99224782908468
i-0f285214d5c41327e,18,30,153142.66666666666,248.54442929450516
i-0009b7735dea24732,19,29,153545.0,352.3052653594607
i-002f7e27ea3e0bc1c,19,29,149779.0,96.94843990493091
i-007e12c9530b8cdea,19,29,148601.66666666666,341.3155919868506
i-00ba7a56c944e5a25,19,29,154743.33333333334,384.3648440392671
i-00d71d40b42658392,19,29,149648.33333333334,332.0637488997179
i-02ca0e36a4acaf9fc,19,29,153478.33333333334,67.48580097571478
i-0507566c757134fb6,19,29,150385.0,196.59348921060433
i-067b2519b614c8f9d,19,29,150020.66666666666,211.12160792617027
i-06b96f53253b4cc2e,19,29,150938.33333333334,245.82988698149495
i-0763ab86e85627573,19,29,144133.66666666666,161.96707484342022
i-07998976f194caa97,19,29,149236.66666666666,220.19612470099256
i-07be1c77f6fdf8eda,19,29,151006.33333333334,189.70854839288236
i-07c76ac1348426483,19,29,152756.66666666666,260.000641024855
i-0837f0f6a7a42ac68,19,29,155508.0,297.4508362738286
i-084caea7d9c000ba9,19,29,148653.0,56.824290580701486
i-08559b79281547ef2,19,29,150092.33333333334,157.16339692604035
i-08e70b514c8c3cd5a,19,29,154051.33333333334,426.56457111828934
i-08ff78a502245298a,19,29,155288.66666666666,153.21335886055564
i-0977cb2af690d36fd,19,29,156609.66666666666,479.03688097404074
i-09c658651b17c197e,19,29,153257.66666666666,337.7903689173703
i-0b138e3642a677559,19,29,148498.33333333334,228.74949908870494
i-0ba417327f988ba2b,19,29,149470.0,391.0153449674322
i-0c3e9f9e7b281edfe,19,29,155621.66666666666,190.8149190533429
i-0cc4b604b837f69d9,19,29,148675.0,533.215716197488
i-0d136c81f43ce8a29,19,29,153770.66666666666,152.39531926320157
i-0d1c421d52c368b29,19,29,148043.66666666666,269.95616928185507
i-0d6feb91baa545931,19,29,149161.0,382.6656504051546
i-0dcfa6d3bc470d28d,19,29,151828.0,224.4014260204244
i-0f285214d5c41327e,19,29,155043.0,294.16491973041246
i-0009b7735dea24732,20,28,158423.33333333334,433.35935819286397
i-002f7e27ea3e0bc1c,20,28,149750.0,252.55296474205167
i-007e12c9530b8cdea,20,28,148194.66666666666,335.1183870415515
i-00ba7a56c944e5a25,20,28,159601.0,52.67826876426369
i-00d71d40b42658392,20,28,148951.33333333334,265.00251571132566
i-02ca0e36a4acaf9fc,20,28,158569.33333333334,746.5938208512898
i-0507566c757134fb6,20,28,150178.33333333334,293.65512652316204
i-067b2519b614c8f9d,20,28,149724.33333333334,362.66283698958136
i-06b96f53253b4cc2e,20,28,150877.33333333334,364.4946273037931
i-0763ab86e85627573,20,28,149358.0,98.13765841918178
i-07998976f194caa97,20,28,149585.66666666666,588.3114254655751
i-07be1c77f6fdf8eda,20,28,150933.0,407.93504384889513
i-0837f0f6a7a42ac68,20,28,161396.0,116.66619047521866
i-084caea7d9c000ba9,20,28,148567.33333333334,269.1789986855062
i-08559b79281547ef2,20,28,150106.66666666666,140.1154286056103
i-08e70b514c8c3cd5a,20,28,159290.33333333334,413.5871532498701
i-08ff78a502245298a,20,28,160998.66666666666,557.8282292366863
i-0977cb2af690d36fd,20,28,162000.66666666666,583.1314888885114
i-09c658651b17c197e,20,28,158281.33333333334,372.6879838864344
i-0b138e3642a677559,20,28,148958.66666666666,609.4869427094714
i-0ba417327f988ba2b,20,28,149047.66666666666,252.50016501644578
i-0c3e9f9e7b281edfe,20,28,160900.0,92.79547402756236
i-0cc4b604b837f69d9,20,28,148569.66666666666,208.50019984003214
i-0d136c81f43ce8a29,20,28,158861.0,29.715315916207253
i-0d1c421d52c368b29,20,28,147961.66666666666,416.4232622384787
i-0d6feb91baa545931,20,28,148848.33333333334,112.25566058481627
i-0dcfa6d3bc470d28d,20,28,151615.0,257.28583326720496
i-0f285214d5c41327e,20,28,159866.66666666666,191.0715398308517
i-0009b7735dea24732,21,27,158532.0,372.6942446563939
i-002f7e27ea3e0bc1c,21,27,150997.33333333334,217.80801944219579
i-007e12c9530b8cdea,21,27,149762.66666666666,167.15661319054772
i-00ba7a56c944e5a25,21,27,159509.0,585.2956517863429
i-00d71d40b42658392,21,27,150827.33333333334,199.22934857428575
i-02ca0e36a4acaf9fc,21,27,158620.33333333334,808.6571172835464
i-0507566c757134fb6,21,27,151288.66666666666,366.22443027921315
i-067b2519b614c8f9d,21,27,151541.0,233.771255718063
i-06b96f53253b4cc2e,21,27,152550.0,467.9305504025143
i-0763ab86e85627573,21,27,148896.0,203.84062401788316
i-07998976f194caa97,21,27,151808.66666666666,147.17449960279282
i-0837f0f6a7a42ac68,21,27,161156.66666666666,220.7313601039315
i-084caea7d9c000ba9,21,27,149677.0,560.1312346227445
i-08559b79281547ef2,21,27,151587.33333333334,209.13233449979606
i-08e70b514c8c3cd5a,21,27,159357.0,308.9190832564411
i-08ff78a502245298a,21,27,161093.33333333334,83.03212229813913
i-0977cb2af690d36fd,21,27,162380.33333333334,98.39884823174587
i-09c658651b17c197e,21,27,158011.0,259.4050886162413
i-0b138e3642a677559,21,27,150560.0,111.01351269102334
i-0ba417327f988ba2b,21,27,150734.0,264.1155050352024
i-0c3e9f9e7b281edfe,21,27,160756.66666666666,209.78639930494322
i-0cc4b604b837f69d9,21,27,150089.33333333334,313.1554459582824
i-0d136c81f43ce8a29,21,27,158726.0,348.1436485130815
i-0d1c421d52c368b29,21,27,149419.33333333334,329.2025718814039
i-0d6feb91baa545931,21,27,150097.66666666666,189.4368848279925
i-0dcfa6d3bc470d28d,21,27,152584.0,286.00524470715567
i-0f285214d5c41327e,21,27,159186.0,364.4077386664559
i-0009b7735dea24732,22,26,160454.33333333334,216.45399819206992
i-002f7e27ea3e0bc1c,22,26,151229.66666666666,26.76440422152387
i-007e12c9530b8cdea,22,26,149601.33333333334,192.14664538662123
i-00ba7a56c944e5a25,22,26,161117.33333333334,262.53444218489506
i-00d71d40b42658392,22,26,150908.0,130.88544609695916
i-02ca0e36a4acaf9fc,22,26,160208.33333333334,229.04657459419462
i-0507566c757134fb6,22,26,151475.66666666666,241.60780892457188
i-067b2519b614c8f9d,22,26,151150.66666666666,219.62316210575682
i-06b96f53253b4cc2e,22,26,152847.33333333334,359.0547776222064
i-0763ab86e85627573,22,26,150708.0,350.1414000086251
i-07998976f194caa97,22,26,151114.33333333334,162.8690680679865
i-0837f0f6a7a42ac68,22,26,162093.33333333334,270.1801867889889
i-084caea7d9c000ba9,22,26,150019.0,221.6100178241047
i-08559b79281547ef2,22,26,151785.0,453.827059572256
i-08e70b514c8c3cd5a,22,26,160820.33333333334,363.15882659427774
i-08ff78a502245298a,22,26,162436.33333333334,732.1218022524251
i-0977cb2af690d36fd,22,26,163858.0,162.5207679036744
i-0b138e3642a677559,22,26,150827.0,185.776747737708
i-0ba417327f988ba2b,22,26,150695.0,171.54591222177228
i-0c3e9f9e7b281edfe,22,26,162352.33333333334,142.14194783150518
i-0cc4b604b837f69d9,22,26,150263.66666666666,73.35757175188347
i-0d136c81f43ce8a29,22,26,160845.33333333334,343.5437866318271
i-0d1c421d52c368b29,22,26,149256.66666666666,230.5695845798682
i-0d6feb91baa545931,22,26,150327.33333333334,218.85230940827248
i-0dcfa6d3bc470d28d,22,26,152198.0,228.97379762758882
i-0f285214d5c41327e,22,26,160668.33333333334,610.0461731158862
i-0009b7735dea24732,23,25,161777.66666666666,90.737717258778
i-002f7e27ea3e0bc1c,23,25,151221.66666666666,216.23212835592105
i-007e12c9530b8cdea,23,25,150070.66666666666,171.81773288381646
i-00ba7a56c944e5a25,23,25,162009.66666666666,262.50015873011074
i-00d71d40b42658392,23,25,150795.0,290.55292116927683
i-02ca0e36a4acaf9fc,23,25,161537.0,135.32553343696821
i-0507566c757134fb6,23,25,151721.33333333334,69.87369557518707
i-067b2519b614c8f9d,23,25,151347.66666666666,275.289544540534
i-06b96f53253b4cc2e,23,25,152832.33333333334,428.90830410862293
i-07998976f194caa97,23,25,151181.33333333334,340.5661952298443
i-0837f0f6a7a42ac68,23,25,163802.66666666666,102.29532410297395
i-084caea7d9c000ba9,23,25,150144.33333333334,385.6116353707896
i-08559b79281547ef2,23,25,151197.0,411.6685560010626
i-08e70b514c8c3cd5a,23,25,162404.66666666666,278.388816825194
i-08ff78a502245298a,23,25,163763.0,547.6239585701122
i-0977cb2af690d36fd,23,25,168604.33333333334,418.8153929039988
i-0b138e3642a677559,23,25,150881.33333333334,286.9152023391804
i-0ba417327f988ba2b,23,25,150707.66666666666,130.15503575864204
i-0c3e9f9e7b281edfe,23,25,163615.33333333334,462.2686808916799
i-0cc4b604b837f69d9,23,25,150139.66666666666,211.23525589572307
i-0d136c81f43ce8a29,23,25,161827.66666666666,85.4536911627209
i-0d1c421d52c368b29,23,25,149277.0,112.05355862265152
i-0d6feb91baa545931,23,25,150233.66666666666,72.39014665914917
i-0dcfa6d3bc470d28d,23,25,152072.0,375.50366176643337
i-0f285214d5c41327e,23,25,161742.33333333334,271.006149991719
i-0009b7735dea24732,24,24,161909.66666666666,66.21429855653187
i-002f7e27ea3e0bc1c,24,24,152811.33333333334,410.65841441924704
i-007e12c9530b8cdea,24,24,151628.0,398.7342473377475
i-00ba7a56c944e5a25,24,24,161813.66666666666,249.6043535945145
i-00d71d40b42658392,24,24,152488.33333333334,420.3633349060427
i-02ca0e36a4acaf9fc,24,24,162009.33333333334,99.06731718045322
i-0507566c757134fb6,24,24,153325.66666666666,284.19066369839726
i-067b2519b614c8f9d,24,24,153100.0,150.2497920131672
i-06b96f53253b4cc2e,24,24,154113.0,178.21616088334974
i-0837f0f6a7a42ac68,24,24,163980.0,226.31173190977086
i-084caea7d9c000ba9,24,24,151272.33333333334,292.7393607517368
i-08559b79281547ef2,24,24,152985.0,139.28029293478673
i-08e70b514c8c3cd5a,24,24,162448.0,183.19115699181552
i-08ff78a502245298a,24,24,163846.66666666666,87.94505860668617
i-0977cb2af690d36fd,24,24,168448.66666666666,272.002450969352
i-0b138e3642a677559,24,24,152822.33333333334,109.69655114602767
i-0ba417327f988ba2b,24,24,152138.66666666666,120.7324866526504
i-0c3e9f9e7b281edfe,24,24,163820.66666666666,152.64446709046658
i-0cc4b604b837f69d9,24,24,151828.0,399.4396074502377
i-0d136c81f43ce8a29,24,24,161592.33333333334,333.67099564291385
i-0d1c421d52c368b29,24,24,151082.66666666666,287.15210835606854
i-0d6feb91baa545931,24,24,152000.0,230.46257830719503
i-0dcfa6d3bc470d28d,24,24,152985.66666666666,1254.857096777686
i-0f285214d5c41327e,24,24,161908.33333333334,413.1553380186802
i-0009b7735dea24732,25,23,163524.66666666666,280.3164878014377
i-002f7e27ea3e0bc1c,25,23,153026.0,289.0830330545188
i-007e12c9530b8cdea,25,23,151500.33333333334,418.13434842564254
i-00ba7a56c944e5a25,25,23,163119.0,410.6141741343082
i-00d71d40b42658392,25,23,152517.33333333334,481.03776705507255
i-02ca0e36a4acaf9fc,25,23,162953.33333333334,181.42307828205003
i-0507566c757134fb6,25,23,153195.66666666666,136.12249385510825
i-067b2519b614c8f9d,25,23,153427.33333333334,328.0264217000419
i-06b96f53253b4cc2e,25,23,153855.66666666666,194.8956986014118
i-0837f0f6a7a42ac68,25,23,165494.0,327.00611615075337
i-084caea7d9c000ba9,25,23,151988.66666666666,85.804040308912
i-08559b79281547ef2,25,23,152813.33333333334,83.53043357563634
i-08e70b514c8c3cd5a,25,23,163443.66666666666,417.0483585069438
i-08ff78a502245298a,25,23,165268.66666666666,269.8746622662692
i-0b138e3642a677559,25,23,152341.0,25.632011235952593
i-0ba417327f988ba2b,25,23,152352.33333333334,304.2520884617486
i-0c3e9f9e7b281edfe,25,23,165181.0,333.21314499881305
i-0cc4b604b837f69d9,25,23,151475.66666666666,167.71801731875414
i-0d136c81f43ce8a29,25,23,163154.33333333334,383.30970941698257
i-0d1c421d52c368b29,25,23,150912.0,117.75822688882505
i-0d6feb91baa545931,25,23,151150.33333333334,557.9662474857573
i-0dcfa6d3bc470d28d,25,23,153428.66666666666,100.51036430803204
i-0f285214d5c41327e,25,23,163028.0,88.45903006477066
i-0009b7735dea24732,26,22,164577.66666666666,1372.4118672371442
i-002f7e27ea3e0bc1c,26,22,154457.66666666666,389.15977866852205
i-007e12c9530b8cdea,26,22,153313.33333333334,107.15565002991505
i-00ba7a56c944e5a25,26,22,162933.33333333334,92.46260505379055
i-00d71d40b42658392,26,22,154237.33333333334,144.20240404838626
i-02ca0e36a4acaf9fc,26,22,162668.66666666666,324.69267520739123
i-067b2519b614c8f9d,26,22,155023.33333333334,278.32594800581126
i-06b96f53253b4cc2e,26,22,155106.0,113.50330391667019
i-0837f0f6a7a42ac68,26,22,165326.0,188.2365533046119
i-084caea7d9c000ba9,26,22,153433.33333333334,94.05494847871212
i-08559b79281547ef2,26,22,154446.66666666666,350.5058249634833
i-08e70b514c8c3cd5a,26,22,163368.66666666666,245.49202295254733
i-08ff78a502245298a,26,22,165286.0,93.0
i-0b138e3642a677559,26,22,153816.66666666666,43.89001405027076
i-0ba417327f988ba2b,26,22,153531.0,326.4597984438513
i-0c3e9f9e7b281edfe,26,22,166576.0,1012.8933803713005
i-0cc4b604b837f69d9,26,22,153077.33333333334,139.47162196422948
i-0d136c81f43ce8a29,26,22,163020.33333333334,117.2063707028518
i-0d1c421d52c368b29,26,22,152086.0,167.089796217483
i-0d6feb91baa545931,26,22,152518.66666666666,493.52237369072685
i-0dcfa6d3bc470d28d,26,22,155423.66666666666,85.50048732804785
i-0f285214d5c41327e,26,22,162817.0,207.3137718531984
i-0009b7735dea24732,27,21,167785.66666666666,45.63259069276309
i-002f7e27ea3e0bc1c,27,21,159781.66666666666,129.0439201719029
i-007e12c9530b8cdea,27,21,158512.0,360.40116536992497
i-00ba7a56c944e5a25,27,21,163321.0,189.58111720316452
i-00d71d40b42658392,27,21,159125.66666666666,47.9617903474603
i-02ca0e36a4acaf9fc,27,21,162801.0,167.1795442032308
i-067b2519b614c8f9d,27,21,159756.33333333334,229.67440722320697
i-06b96f53253b4cc2e,27,21,160790.33333333334,263.94001843853016
i-0837f0f6a7a42ac68,27,21,165341.0,461.6535497534921
i-084caea7d9c000ba9,27,21,158842.33333333334,145.039075194696
i-08559b79281547ef2,27,21,159396.66666666666,276.6953800361174
i-08e70b514c8c3cd5a,27,21,163461.33333333334,45.0037035513046
i-08ff78a502245298a,27,21,165284.0,337.35441304361206
i-0b138e3642a677559,27,21,158505.66666666666,489.34377827181055
i-0ba417327f988ba2b,27,21,158991.66666666666,140.98345056541982
i-0c3e9f9e7b281edfe,27,21,168387.33333333334,275.10785763648136
i-0cc4b604b837f69d9,27,21,158450.33333333334,160.23212328784837
i-0d136c81f43ce8a29,27,21,162698.66666666666,265.34757080729617
i-0d1c421d52c368b29,27,21,157299.66666666666,302.07008016904854
i-0dcfa6d3bc470d28d,27,21,160267.0,94.31860898041276
i-0f285214d5c41327e,27,21,163105.0,348.9355241301751
i-0009b7735dea24732,28,20,167778.33333333334,230.0094200969467
i-002f7e27ea3e0bc1c,28,20,161398.33333333334,333.09508152077416
i-007e12c9530b8cdea,28,20,160136.66666666666,518.1180689122228
i-00ba7a56c944e5a25,28,20,163026.66666666666,125.77890655166942
i-00d71d40b42658392,28,20,160734.0,152.69905042271873
i-02ca0e36a4acaf9fc,28,20,162798.66666666666,368.90287791413385
i-06b96f53253b4cc2e,28,20,162055.33333333334,238.5169455894805
i-0837f0f6a7a42ac68,28,20,165340.0,400.0862407031764
i-084caea7d9c000ba9,28,20,159644.66666666666,418.88463009918377
i-08559b79281547ef2,28,20,161274.66666666666,147.40872882340554
i-08e70b514c8c3cd5a,28,20,163543.66666666666,533.7605580532625
i-08ff78a502245298a,28,20,165569.33333333334,230.30704143237136
i-0b138e3642a677559,28,20,159974.66666666666,132.15268946689426
i-0ba417327f988ba2b,28,20,159893.66666666666,150.76582282909138
i-0c3e9f9e7b281edfe,28,20,168492.0,401.605527850402
i-0cc4b604b837f69d9,28,20,159593.33333333334,309.7326804412733
i-0d136c81f43ce8a29,28,20,163019.66666666666,340.07989257427704
i-0d1c421d52c368b29,28,20,158818.0,62.6418390534633
i-0dcfa6d3bc470d28d,28,20,162251.33333333334,499.5661451032584
i-0f285214d5c41327e,28,20,163437.66666666666,244.19322949937418
i-0009b7735dea24732,29,19,168107.33333333334,255.97330589991822
i-002f7e27ea3e0bc1c,29,19,162673.33333333334,89.58422480176314
i-007e12c9530b8cdea,29,19,161326.33333333334,280.91695095407135
i-00ba7a56c944e5a25,29,19,162924.0,348.4953371280597
i-00d71d40b42658392,29,19,162549.33333333334,355.48464570686275
i-02ca0e36a4acaf9fc,29,19,163320.0,281.5119890874987
i-06b96f53253b4cc2e,29,19,163411.0,389.8666438668484
i-0837f0f6a7a42ac68,29,19,165157.66666666666,185.05764867557343
i-084caea7d9c000ba9,29,19,164072.0,1233.5756969071658
i-08559b79281547ef2,29,19,162564.66666666666,410.09429809902736
i-08e70b514c8c3cd5a,29,19,163128.33333333334,724.2860852821483
i-08ff78a502245298a,29,19,165609.33333333334,564.5461303855793
i-0b138e3642a677559,29,19,161556.66666666666,306.83763350237166
i-0ba417327f988ba2b,29,19,161149.66666666666,265.1496432834344
i-0c3e9f9e7b281edfe,29,19,168732.0,204.2278139725341
i-0cc4b604b837f69d9,29,19,161288.0,121.50308638055249
i-0d136c81f43ce8a29,29,19,163098.33333333334,138.68789901549556
i-0d1c421d52c368b29,29,19,160873.0,314.6156385178588
i-0f285214d5c41327e,29,19,163109.66666666666,539.509344991659
i-0009b7735dea24732,30,18,169013.0,353.21523183464217
i-002f7e27ea3e0bc1c,30,18,162838.33333333334,254.80253792560862
i-007e12c9530b8cdea,30,18,161607.66666666666,1029.8059687792352
i-00ba7a56c944e5a25,30,18,164192.66666666666,260.60762332159675
i-00d71d40b42658392,30,18,163318.66666666666,387.31167466697354
i-06b96f53253b4cc2e,30,18,163861.33333333334,625.9427556361122
i-0837f0f6a7a42ac68,30,18,166706.33333333334,512.2736898702976
i-084caea7d9c000ba9,30,18,164420.33333333334,243.19813595776884
i-08559b79281547ef2,30,18,162448.66666666666,155.96260235496777
i-08e70b514c8c3cd5a,30,18,164589.0,325.69157188972514
i-08ff78a502245298a,30,18,166612.33333333334,335.8933362443126
i-0b138e3642a677559,30,18,161617.33333333334,177.0150652722306
i-0ba417327f988ba2b,30,18,161766.33333333334,377.5054083497809
i-0c3e9f9e7b281edfe,30,18,169688.0,400.3261170595793
i-0cc4b604b837f69d9,30,18,160872.0,416.003605753604
i-0d136c81f43ce8a29,30,18,164025.0,114.76497723608888
i-0d1c421d52c368b29,30,18,160985.0,829.1393127816339
i-0f285214d5c41327e,30,18,163921.33333333334,464.3030619469677
i-0009b7735dea24732,31,17,169990.66666666666,198.3364145418885
i-002f7e27ea3e0bc1c,31,17,163147.33333333334,343.2787982578246
i-007e12c9530b8cdea,31,17,162966.0,1182.7624444494338
i-00d71d40b42658392,31,17,163391.0,160.1218286180869
i-06b96f53253b4cc2e,31,17,163937.0,351.2819380497665
i-0837f0f6a7a42ac68,31,17,166973.66666666666,270.12836454791494
i-084caea7d9c000ba9,31,17,163946.33333333334,4.041451884331281
i-08559b79281547ef2,31,17,162686.0,318.50117739185833
i-08e70b514c8c3cd5a,31,17,165619.0,132.88717018583847
i-08ff78a502245298a,31,17,167698.33333333334,68.1566822353672
i-0b138e3642a677559,31,17,161460.0,173.31185764395926
i-0ba417327f988ba2b,31,17,162047.33333333334,144.92871811112087
i-0c3e9f9e7b281edfe,31,17,170224.33333333334,453.35894535493225
i-0cc4b604b837f69d9,31,17,161113.33333333334,369.10206357230453
i-0d136c81f43ce8a29,31,17,164951.0,339.1209223861011
i-0d1c421d52c368b29,31,17,161603.66666666666,303.1605735139903
i-0f285214d5c41327e,31,17,165403.33333333334,260.8837544450236
i-0009b7735dea24732,32,16,169569.33333333334,154.94622723169016
i-002f7e27ea3e0bc1c,32,16,163194.33333333334,282.5284646426545
i-007e12c9530b8cdea,32,16,165894.0,207.04588863341382
i-00d71d40b42658392,32,16,163844.0,78.08328886515987
i-06b96f53253b4cc2e,32,16,165316.33333333334,707.0744892395254
i-0837f0f6a7a42ac68,32,16,167207.0,128.68954891520912
i-084caea7d9c000ba9,32,16,165388.0,310.44967386035376
i-08559b79281547ef2,32,16,164225.66666666666,46.1121820491419
i-08e70b514c8c3cd5a,32,16,165848.33333333334,283.8279995584218
i-08ff78a502245298a,32,16,167749.33333333334,160.20715755961797
i-0b138e3642a677559,32,16,162228.33333333334,140.12970182417496
i-0c3e9f9e7b281edfe,32,16,170513.66666666666,198.46998093750116
i-0cc4b604b837f69d9,32,16,162296.66666666666,154.1308967512127
i-0d136c81f43ce8a29,32,16,165150.66666666666,419.21871777549643
i-0d1c421d52c368b29,32,16,162469.66666666666,365.46180831015823
i-0f285214d5c41327e,32,16,165971.66666666666,475.78286363984324
i-0009b7735dea24732,33,15,170008.66666666666,116.3285576861241
i-007e12c9530b8cdea,33,15,167396.33333333334,347.8165225134231
i-00d71d40b42658392,33,15,165136.0,285.97377502141694
i-06b96f53253b4cc2e,33,15,166862.66666666666,131.21483655948964
i-0837f0f6a7a42ac68,33,15,167400.33333333334,129.94742526627502
i-084caea7d9c000ba9,33,15,166431.33333333334,56.536124144954755
i-08559b79281547ef2,33,15,165244.33333333334,94.73295801004988
i-08e70b514c8c3cd5a,33,15,165736.66666666666,188.39939844206458
i-08ff78a502245298a,33,15,167601.66666666666,101.6579231212842
i-0b138e3642a677559,33,15,163691.33333333334,248.65705968931434
i-0c3e9f9e7b281edfe,33,15,171318.33333333334,604.1724367540517
i-0cc4b604b837f69d9,33,15,163815.0,180.40787122517688
i-0d136c81f43ce8a29,33,15,165466.33333333334,120.93524438033934
i-0d1c421d52c368b29,33,15,163705.33333333334,151.77724906366615
i-0f285214d5c41327e,33,15,166115.66666666666,312.7560284524257
i-0009b7735dea24732,34,14,170270.66666666666,228.94613631449485
i-007e12c9530b8cdea,34,14,167399.66666666666,333.1686259738993
i-00d71d40b42658392,34,14,165158.66666666666,48.95235779136153
i-06b96f53253b4cc2e,34,14,166980.66666666666,172.25659155264412
i-084caea7d9c000ba9,34,14,166463.0,133.29291053915807
i-08559b79281547ef2,34,14,164977.66666666666,225.85245921471576
i-08e70b514c8c3cd5a,34,14,166280.0,98.01530492734285
i-08ff78a502245298a,34,14,168292.66666666666,404.87199623255725
i-0b138e3642a677559,34,14,163592.33333333334,147.8151999401012
i-0c3e9f9e7b281edfe,34,14,172293.33333333334,241.38420274188266
i-0cc4b604b837f69d9,34,14,163626.66666666666,209.81499787510964
i-0d136c81f43ce8a29,34,14,165896.33333333334,101.86919717624431
i-0d1c421d52c368b29,34,14,163496.0,149.41218156495808
i-0f285214d5c41327e,34,14,166844.66666666666,282.93167608688617
i-0009b7735dea24732,35,13,170838.0,40.95119045888654
i-007e12c9530b8cdea,35,13,167987.66666666666,557.9913380450712
i-00d71d40b42658392,35,13,164967.66666666666,212.4554855336409
i-06b96f53253b4cc2e,35,13,166646.0,216.1110825478416
i-084caea7d9c000ba9,35,13,166344.0,286.52399550473956
i-08559b79281547ef2,35,13,165200.33333333334,296.4411127582192
i-08e70b514c8c3cd5a,35,13,166831.66666666666,489.39384276197944
i-0b138e3642a677559,35,13,163432.33333333334,128.5936753239936
i-0c3e9f9e7b281edfe,35,13,172532.0,232.43923937235726
i-0cc4b604b837f69d9,35,13,163323.33333333334,292.1067156594169
i-0d136c81f43ce8a29,35,13,166606.66666666666,300.8061391217537
i-0d1c421d52c368b29,35,13,163572.66666666666,412.40311993646685
i-0f285214d5c41327e,35,13,166967.0,80.80222769206304
i-0009b7735dea24732,36,12,170733.33333333334,104.308836314729
i-007e12c9530b8cdea,36,12,167846.33333333334,268.2840534458414
i-00d71d40b42658392,36,12,166108.0,436.65661566040654
i-06b96f53253b4cc2e,36,12,167116.33333333334,69.86653944008707
i-084caea7d9c000ba9,36,12,167065.33333333334,322.6210367185253
i-08559b79281547ef2,36,12,166202.0,66.02272336097626
i-08e70b514c8c3cd5a,36,12,166677.0,531.8749853113982
i-0b138e3642a677559,36,12,164281.0,206.2110569295449
i-0c3e9f9e7b281edfe,36,12,171415.66666666666,157.68428372331286
i-0d136c81f43ce8a29,36,12,166317.0,34.64101615137755
i-0d1c421d52c368b29,36,12,164120.66666666666,337.9709060456775
i-0f285214d5c41327e,36,12,168044.33333333334,1704.9874877351208
i-0009b7735dea24732,37,11,170916.33333333334,293.14558385439597
i-007e12c9530b8cdea,37,11,168166.33333333334,151.98793811791316
i-00d71d40b42658392,37,11,166397.0,101.79882121124979
i-06b96f53253b4cc2e,37,11,168250.33333333334,359.369355028133
i-084caea7d9c000ba9,37,11,168625.66666666666,87.09381914541343
i-08e70b514c8c3cd5a,37,11,166982.0,25.238858928247925
i-0b138e3642a677559,37,11,164993.66666666666,185.51639640024234
i-0c3e9f9e7b281edfe,37,11,171913.33333333334,211.66561679529565
i-0d136c81f43ce8a29,37,11,166118.33333333334,266.0400972284728
i-0d1c421d52c368b29,37,11,165254.66666666666,132.60970301351415
i-0f285214d5c41327e,37,11,170264.66666666666,306.0021786414818
i-0009b7735dea24732,38,10,175227.33333333334,191.83673614126883
i-007e12c9530b8cdea,38,10,168445.0,217.3453473162009
i-00d71d40b42658392,38,10,166501.66666666666,217.84474593924688
i-06b96f53253b4cc2e,38,10,167912.33333333334,93.83673765286487
i-084caea7d9c000ba9,38,10,169127.66666666666,256.30905823504185
i-08e70b514c8c3cd5a,38,10,171406.0,327.14369931270267
i-0b138e3642a677559,38,10,165147.33333333334,268.6714226212589
i-0d136c81f43ce8a29,38,10,170719.66666666666,148.70888787605782
i-0d1c421d52c368b29,38,10,165681.33333333334,165.5183776302027
i-0f285214d5c41327e,38,10,174819.0,143.5130656072819
i-0009b7735dea24732,39,9,175036.66666666666,205.04227206440075
i-007e12c9530b8cdea,39,9,168953.0,128.73228033403277
i-06b96f53253b4cc2e,39,9,167921.33333333334,112.57145878655335
i-084caea7d9c000ba9,39,9,169193.33333333334,666.004003991965
i-08e70b514c8c3cd5a,39,9,171338.66666666666,312.18637595727205
i-0b138e3642a677559,39,9,165335.66666666666,75.48068185525082
i-0d136c81f43ce8a29,39,9,170635.0,362.69960022034763
i-0d1c421d52c368b29,39,9,165854.33333333334,473.7323435583989
i-0f285214d5c41327e,39,9,174448.0,164.9818171799547
i-0009b7735dea24732,40,8,175039.66666666666,79.3557391329319
i-007e12c9530b8cdea,40,8,172863.0,167.47537132366656
i-06b96f53253b4cc2e,40,8,172698.0,380.5837621339092
i-084caea7d9c000ba9,40,8,173708.0,548.2818618192654
i-08e70b514c8c3cd5a,40,8,171570.33333333334,342.6168900292728
i-0d136c81f43ce8a29,40,8,170343.0,360.83791375075873
i-0d1c421d52c368b29,40,8,170442.66666666666,409.294922193443
i-0f285214d5c41327e,40,8,174686.33333333334,400.5050977619762
i-0009b7735dea24732,41,7,174945.66666666666,200.86147797259434
i-007e12c9530b8cdea,41,7,173312.33333333334,318.57390560642614
i-06b96f53253b4cc2e,41,7,173686.0,368.1018880690508
i-084caea7d9c000ba9,41,7,173876.66666666666,284.2821368523448
i-08e70b514c8c3cd5a,41,7,171457.0,332.31160076049105
i-0d136c81f43ce8a29,41,7,170559.66666666666,186.6127898439294
i-0f285214d5c41327e,41,7,174086.0,114.37219941926448
i-0009b7735dea24732,42,6,175141.0,108.49884792015075
i-007e12c9530b8cdea,42,6,181367.33333333334,466.5258120761736
i-06b96f53253b4cc2e,42,6,182135.0,227.27076362788065
i-08e70b514c8c3cd5a,42,6,172138.0,21.79449471770337
i-0d136c81f43ce8a29,42,6,170442.66666666666,56.21684207898158
i-0f285214d5c41327e,42,6,174528.33333333334,367.00181652593534
i-007e12c9530b8cdea,43,5,181547.0,108.11567878897121
i-06b96f53253b4cc2e,43,5,182073.66666666666,463.7686204707409
i-08e70b514c8c3cd5a,43,5,173082.0,130.21904622596497
i-0d136c81f43ce8a29,43,5,170792.66666666666,263.09757378837844
i-0f285214d5c41327e,43,5,174852.66666666666,132.5191810015902
i-007e12c9530b8cdea,44,4,182078.66666666666,172.54081642710534
i-08e70b514c8c3cd5a,44,4,171254.33333333334,275.8647011368686
i-0d136c81f43ce8a29,44,4,171043.0,309.30244098616487
i-0f285214d5c41327e,44,4,174766.33333333334,106.2136212231459
i-08e70b514c8c3cd5a,45,3,171684.33333333334,168.61296905437587
i-0d136c81f43ce8a29,45,3,170643.0,241.57607497432357
i-0f285214d5c41327e,45,3,174585.33333333334,146.10042208472385
i-08e70b514c8c3cd5a,46,2,182250.33333333334,2073.1197103238683
i-0d136c81f43ce8a29,46,2,179099.66666666666,255.5490820436094
i-0d136c81f43ce8a29,47,1,179145.33333333334,520.4971981993082
