instanceID,setId,tenants,wallTime,std_wallTime
i-0009b7735dea24732,0,48,6.526651726777779,0.06448443554217644
i-002f7e27ea3e0bc1c,0,48,6.532570812444444,0.04436569689791201
i-007e12c9530b8cdea,0,48,6.523446348111111,0.06427175816305983
i-008e6f72c7403b5d3,0,48,6.487584458444444,0.06537504280869165
i-00ba7a56c944e5a25,0,48,6.568983395777778,0.08764202093810212
i-00d71d40b42658392,0,48,6.522931019444444,0.06773556825245279
i-01f539b055c2a5d34,0,48,6.541478978333334,0.06962836116257
i-0243a74ede206f760,0,48,6.547124889111112,0.06585122651672763
i-02765ba82e12781a4,0,48,6.522552410777777,0.03217515601149234
i-02ca0e36a4acaf9fc,0,48,6.592776033555555,0.13322852773629396
i-040dfb2d2a1990b9d,0,48,6.563147730333333,0.08471751641505636
i-048c3c6548c1a414a,0,48,6.448157416444444,0.05320286252621659
i-0507566c757134fb6,0,48,6.503663486888888,0.042094602438796536
i-05e473f8ff82c1527,0,48,6.5057593715555555,0.03670699252079353
i-067b2519b614c8f9d,0,48,6.461334890777778,0.06523934138739214
i-06b96f53253b4cc2e,0,48,6.532392475222222,0.06697567924285049
i-071a48cf857bce94f,0,48,6.380723794222223,0.020169555551528526
i-07379900fe80899d6,0,48,6.516331858,0.04785051143877419
i-0763ab86e85627573,0,48,6.547708829,0.06724770302333169
i-07998976f194caa97,0,48,6.552494049333333,0.06050697995115114
i-07be1c77f6fdf8eda,0,48,6.555828041555555,0.06464529213571843
i-07c76ac1348426483,0,48,6.550227748222222,0.09285255421112887
i-0837f0f6a7a42ac68,0,48,6.583419375999999,0.0875581603487794
i-084caea7d9c000ba9,0,48,6.535000801111112,0.06971603111026166
i-08559b79281547ef2,0,48,6.494289795666667,0.06557512819365909
i-08e70b514c8c3cd5a,0,48,6.535252438666666,0.05316616013422264
i-08ff78a502245298a,0,48,6.549427986222223,0.04992342296155358
i-095d06d26dd29ecec,0,48,6.447940720555555,0.07089156090859687
i-0977cb2af690d36fd,0,48,6.512336572,0.03446448170827708
i-09c658651b17c197e,0,48,6.534470531777778,0.06950158618714185
i-0ab84c959b473605a,0,48,6.5215317144444445,0.06281018676623462
i-0aecb3d1daeccc874,0,48,6.554966237777777,0.05274229504692227
i-0b138e3642a677559,0,48,6.512674543555556,0.07682182485037112
i-0b3a38b18367faa71,0,48,6.420955419666667,0.06184486817959973
i-0ba417327f988ba2b,0,48,6.564233223444443,0.055428457017869304
i-0bfaa8f4e041c36fa,0,48,6.510713047444444,0.040710124034641686
i-0c3e9f9e7b281edfe,0,48,6.53484225288889,0.06263509354990589
i-0cc4b604b837f69d9,0,48,6.535389873777778,0.02828156586712252
i-0d136c81f43ce8a29,0,48,6.530932585666667,0.0455723741460492
i-0d1c421d52c368b29,0,48,6.551235543444444,0.10328636387690886
i-0d44050a4e6a71d7c,0,48,6.461177163666666,0.07044300454421723
i-0d6feb91baa545931,0,48,6.578729417777778,0.05471214857976845
i-0d75b8bf3603b2040,0,48,6.476328929000001,0.08137033188215133
i-0dcfa6d3bc470d28d,0,48,6.487540059666666,0.06436433930687278
i-0e167bbfcd6a685f5,0,48,6.519094414111112,0.04711284912532793
i-0ede59d8254436a40,0,48,6.5390210947777785,0.07916834835751285
i-0f285214d5c41327e,0,48,6.409571992222222,0.040050412371503134
i-0f472084ac3992ad9,0,48,6.5529230701111105,0.15563792993181452
i-0009b7735dea24732,1,47,6.425419833888889,0.03327942108269824
i-002f7e27ea3e0bc1c,1,47,6.496948083222223,0.09319692396495098
i-007e12c9530b8cdea,1,47,6.416942940888889,0.1290262342173391
i-008e6f72c7403b5d3,1,47,6.419182538888888,0.04507660916792422
i-00ba7a56c944e5a25,1,47,6.554025279333333,0.02513056981874537
i-00d71d40b42658392,1,47,6.609550131555555,0.2152376646953192
i-01f539b055c2a5d34,1,47,6.426703665000001,0.05019084728449306
i-0243a74ede206f760,1,47,6.466193596333334,0.07023575911654367
i-02765ba82e12781a4,1,47,6.523258076666668,0.03232527818684341
i-02ca0e36a4acaf9fc,1,47,6.491234646777778,0.07431530443121992
i-040dfb2d2a1990b9d,1,47,6.449173344555557,0.0532107276359116
i-048c3c6548c1a414a,1,47,6.596384075,0.14840600977509008
i-0507566c757134fb6,1,47,6.546731233666666,0.05354997876435905
i-05e473f8ff82c1527,1,47,6.411597410888889,0.04185742768976802
i-067b2519b614c8f9d,1,47,6.384068753888888,0.03558094179600624
i-06b96f53253b4cc2e,1,47,6.530717770222222,0.06362930632195474
i-071a48cf857bce94f,1,47,6.528216997777779,0.09869480034767938
i-07379900fe80899d6,1,47,6.529012971555556,0.06593181054110094
i-0763ab86e85627573,1,47,6.545122438000001,0.0246649692709804
i-07998976f194caa97,1,47,6.476739750777778,0.036334198027302825
i-07be1c77f6fdf8eda,1,47,6.555731323111113,0.039659323559488015
i-07c76ac1348426483,1,47,6.530129750555556,0.1047107308477655
i-0837f0f6a7a42ac68,1,47,6.514462735777777,0.06447345490382494
i-084caea7d9c000ba9,1,47,6.547997633666665,0.013968535097025864
i-08559b79281547ef2,1,47,6.516278478777778,0.05596184311028044
i-08e70b514c8c3cd5a,1,47,6.422873338111112,0.06987439614011477
i-08ff78a502245298a,1,47,6.440450164999999,0.03091088508261734
i-095d06d26dd29ecec,1,47,6.526935444888888,0.018217900059391466
i-0977cb2af690d36fd,1,47,6.432114203666668,0.05875998139361604
i-09c658651b17c197e,1,47,6.576244910666667,0.04525114905072624
i-0aecb3d1daeccc874,1,47,6.614541557222221,0.06931337510983791
i-0b138e3642a677559,1,47,6.39676568222222,0.052420215434681554
i-0b3a38b18367faa71,1,47,6.389517307333333,0.0539583917030823
i-0ba417327f988ba2b,1,47,6.56308711888889,0.04938854516868187
i-0bfaa8f4e041c36fa,1,47,6.533539878,0.10490711493517049
i-0c3e9f9e7b281edfe,1,47,6.541642824777778,0.01590663574911295
i-0cc4b604b837f69d9,1,47,6.405739069,0.059963359019155234
i-0d136c81f43ce8a29,1,47,6.489831712444445,0.06664351661020092
i-0d1c421d52c368b29,1,47,6.561289151555555,0.037825692006451174
i-0d44050a4e6a71d7c,1,47,6.597229295555555,0.15692041970766032
i-0d6feb91baa545931,1,47,6.502318965000001,0.1281843357252225
i-0d75b8bf3603b2040,1,47,6.426370938666668,0.060851310854328926
i-0dcfa6d3bc470d28d,1,47,6.429629564444444,0.04510133378950746
i-0e167bbfcd6a685f5,1,47,6.530959208777777,0.029104556919324228
i-0ede59d8254436a40,1,47,6.403067986222222,0.06066029764083129
i-0f285214d5c41327e,1,47,6.491168552,0.036336776270989204
i-0f472084ac3992ad9,1,47,6.5272437465555555,0.024882426804114753
i-0009b7735dea24732,2,46,6.353436152222222,0.04841942412373235
i-002f7e27ea3e0bc1c,2,46,6.350621541444445,0.037600692572816174
i-007e12c9530b8cdea,2,46,6.382740868555555,0.09088750752152382
i-008e6f72c7403b5d3,2,46,6.354813099,0.04906826311676307
i-00ba7a56c944e5a25,2,46,6.553260697444444,0.05606619827600693
i-00d71d40b42658392,2,46,6.358044068000001,0.04296188467413428
i-01f539b055c2a5d34,2,46,6.305476135666668,0.01632634336135489
i-0243a74ede206f760,2,46,6.364769564666667,0.036301858351620274
i-02765ba82e12781a4,2,46,6.5524732006666655,0.05872765927075615
i-02ca0e36a4acaf9fc,2,46,6.374204344333333,0.053689731023905916
i-040dfb2d2a1990b9d,2,46,6.370609309777778,0.05084577572920392
i-048c3c6548c1a414a,2,46,6.578620778333334,0.08908944350377887
i-0507566c757134fb6,2,46,6.527181916777778,0.03433611642583376
i-05e473f8ff82c1527,2,46,6.364328172444445,0.047121547871683954
i-067b2519b614c8f9d,2,46,6.361681063999999,0.054721634957797645
i-06b96f53253b4cc2e,2,46,6.528736061555556,0.04987554181693828
i-071a48cf857bce94f,2,46,6.407407230666667,0.03148432709643128
i-07379900fe80899d6,2,46,6.525305694777778,0.027176633770887793
i-0763ab86e85627573,2,46,6.5515336462222225,0.04820590456461771
i-07998976f194caa97,2,46,6.371637847555556,0.030176488941468453
i-07be1c77f6fdf8eda,2,46,6.5415320926666665,0.08054943591959565
i-07c76ac1348426483,2,46,6.50734506711111,0.037953001329475315
i-0837f0f6a7a42ac68,2,46,6.558636744777777,0.0539102803884268
i-084caea7d9c000ba9,2,46,6.567279471222223,0.05988926096730333
i-08559b79281547ef2,2,46,6.535274081777777,0.05158775027477136
i-08e70b514c8c3cd5a,2,46,6.402214606555556,0.05825897194435617
i-08ff78a502245298a,2,46,6.367086437000001,0.024467314297009695
i-095d06d26dd29ecec,2,46,6.446796523222222,0.048927146243824764
i-0977cb2af690d36fd,2,46,6.360803259777779,0.05311968060762818
i-09c658651b17c197e,2,46,6.55716472188889,0.09204891893923621
i-0aecb3d1daeccc874,2,46,6.541846169666667,0.03906184725892197
i-0b138e3642a677559,2,46,6.339143541,0.042686639196537965
i-0b3a38b18367faa71,2,46,6.307488203222222,0.03549831911313429
i-0ba417327f988ba2b,2,46,6.575997458555555,0.06757150289308184
i-0bfaa8f4e041c36fa,2,46,6.542073143888889,0.10137872287031975
i-0c3e9f9e7b281edfe,2,46,6.515103578444444,0.027951815264772296
i-0cc4b604b837f69d9,2,46,6.345156033666668,0.04306121123480529
i-0d136c81f43ce8a29,2,46,6.374655140777777,0.03243693152539175
i-0d1c421d52c368b29,2,46,6.539414882777777,0.03386648828703999
i-0d44050a4e6a71d7c,2,46,6.563385724777778,0.11156649739918033
i-0d6feb91baa545931,2,46,6.318398581555555,0.021420734255773618
i-0dcfa6d3bc470d28d,2,46,6.347675376444445,0.020644015388166414
i-0e167bbfcd6a685f5,2,46,6.552602079222222,0.026415095258386746
i-0ede59d8254436a40,2,46,6.419499026444444,0.08163662876593439
i-0f285214d5c41327e,2,46,6.4887468284444445,0.05348272038612287
i-0f472084ac3992ad9,2,46,6.543979115000002,0.05467741492191922
i-0009b7735dea24732,3,45,6.2809263598888885,0.017583785810724777
i-002f7e27ea3e0bc1c,3,45,6.381575504999999,0.04848098334502533
i-007e12c9530b8cdea,3,45,6.419705814666667,0.1274266284453482
i-008e6f72c7403b5d3,3,45,6.390171448555556,0.06435249629520318
i-00ba7a56c944e5a25,3,45,6.396365351111111,0.04947038514894731
i-00d71d40b42658392,3,45,6.3914999432222235,0.027502318651738498
i-01f539b055c2a5d34,3,45,6.382982730888888,0.059604731592982685
i-0243a74ede206f760,3,45,6.393002510111112,0.021086356368523657
i-02765ba82e12781a4,3,45,6.396190352111111,0.03592931636089111
i-02ca0e36a4acaf9fc,3,45,6.448782576555555,0.1801941737969229
i-040dfb2d2a1990b9d,3,45,6.333093510888888,0.037187391225726826
i-048c3c6548c1a414a,3,45,6.422783242333334,0.09444437194862512
i-0507566c757134fb6,3,45,6.431311262777778,0.012304017739184174
i-05e473f8ff82c1527,3,45,6.344642480333333,0.03594610877589513
i-067b2519b614c8f9d,3,45,6.389249510111111,0.0351754982085384
i-06b96f53253b4cc2e,3,45,6.502741257333333,0.18138494839079347
i-071a48cf857bce94f,3,45,6.448153681333333,0.09255972750187581
i-07379900fe80899d6,3,45,6.468978961222223,0.12973276981680584
i-0763ab86e85627573,3,45,6.432951132444444,0.03558543075965622
i-07998976f194caa97,3,45,6.414069308333334,0.02552814961526192
i-07be1c77f6fdf8eda,3,45,6.468122773888889,0.0561225624545119
i-07c76ac1348426483,3,45,6.412813292666667,0.02812253561464612
i-0837f0f6a7a42ac68,3,45,6.458576228999999,0.022402330545265244
i-084caea7d9c000ba9,3,45,6.443300273666666,0.030198593404836337
i-08559b79281547ef2,3,45,6.4288837910000005,0.04710872442371201
i-08e70b514c8c3cd5a,3,45,6.388643026444444,0.021028667989180922
i-08ff78a502245298a,3,45,6.407521645222222,0.042276942033088925
i-095d06d26dd29ecec,3,45,6.436720238666666,0.016338026675722088
i-0977cb2af690d36fd,3,45,6.359894911333333,0.024360409810467425
i-09c658651b17c197e,3,45,6.506132258111111,0.08534814646967386
i-0b138e3642a677559,3,45,6.388368262222223,0.05520319143790244
i-0b3a38b18367faa71,3,45,6.3135382863333325,0.052532413079981265
i-0ba417327f988ba2b,3,45,6.552991204666666,0.10824259213957663
i-0bfaa8f4e041c36fa,3,45,6.454064845999999,0.025714459647124457
i-0c3e9f9e7b281edfe,3,45,6.415633466333333,0.02679324420646091
i-0cc4b604b837f69d9,3,45,6.357805304888888,0.034081335141936044
i-0d136c81f43ce8a29,3,45,6.402747074777778,0.03816070383360614
i-0d1c421d52c368b29,3,45,6.440755155444444,0.02335050953042978
i-0d44050a4e6a71d7c,3,45,6.4465191098888885,0.12146215545935496
i-0d6feb91baa545931,3,45,6.379921913111111,0.018365093623326313
i-0dcfa6d3bc470d28d,3,45,6.382686164777777,0.026644595792119516
i-0e167bbfcd6a685f5,3,45,6.428037272555557,0.020027312205799057
i-0ede59d8254436a40,3,45,6.356853405666667,0.10507795909658299
i-0f285214d5c41327e,3,45,6.33584253,0.0322836943539956
i-0f472084ac3992ad9,3,45,6.437026792222223,0.11273077210239288
i-0009b7735dea24732,4,44,6.3095143371111115,0.02067323862658567
i-002f7e27ea3e0bc1c,4,44,6.348183472888888,0.10418881474736613
i-007e12c9530b8cdea,4,44,6.338296598777777,0.058295609649462496
i-008e6f72c7403b5d3,4,44,6.367228004666668,0.10698646455391302
i-00ba7a56c944e5a25,4,44,6.496744314777777,0.24056445061254103
i-00d71d40b42658392,4,44,6.303895288222222,0.03889739271448872
i-01f539b055c2a5d34,4,44,6.306430392777778,0.04763079465973709
i-0243a74ede206f760,4,44,6.372847371444444,0.08126214095162096
i-02765ba82e12781a4,4,44,6.431092606777778,0.017159509164987853
i-02ca0e36a4acaf9fc,4,44,6.353330585666667,0.03908971499902397
i-048c3c6548c1a414a,4,44,6.475269132111112,0.06076474520133139
i-0507566c757134fb6,4,44,6.419628037444443,0.026629617225620024
i-05e473f8ff82c1527,4,44,6.265806727888889,0.0395413199184518
i-067b2519b614c8f9d,4,44,6.343211386,0.05696224853881846
i-06b96f53253b4cc2e,4,44,6.449980258888889,0.06834975064913057
i-071a48cf857bce94f,4,44,6.389480087444444,0.03637731798536176
i-07379900fe80899d6,4,44,6.4991910986666666,0.14967271807559304
i-0763ab86e85627573,4,44,6.456699848111111,0.028937222388401566
i-07998976f194caa97,4,44,6.348890172222223,0.031013496488320875
i-07be1c77f6fdf8eda,4,44,6.422322034777778,0.02861140428120412
i-07c76ac1348426483,4,44,6.446297725000001,0.0898749212482019
i-0837f0f6a7a42ac68,4,44,6.467799080666667,0.050259379658411735
i-084caea7d9c000ba9,4,44,6.494049204777777,0.10148551642915642
i-08559b79281547ef2,4,44,6.412580463555556,0.01728824303592255
i-08e70b514c8c3cd5a,4,44,6.339770528777779,0.09779800562194309
i-08ff78a502245298a,4,44,6.361854103000001,0.0519708760728131
i-095d06d26dd29ecec,4,44,6.393740839333334,0.030734315051328214
i-0977cb2af690d36fd,4,44,6.296344386222222,0.03461779446168281
i-09c658651b17c197e,4,44,6.482954952555555,0.05535418786727276
i-0b138e3642a677559,4,44,6.312918106666666,0.04819860625380977
i-0b3a38b18367faa71,4,44,6.298911439222222,0.053445010226218684
i-0ba417327f988ba2b,4,44,6.44763822011111,0.0861921135444409
i-0bfaa8f4e041c36fa,4,44,6.422264469888888,0.022732416944408813
i-0c3e9f9e7b281edfe,4,44,6.436551915333332,0.029941050439511615
i-0cc4b604b837f69d9,4,44,6.305686182444444,0.015529911036678225
i-0d136c81f43ce8a29,4,44,6.360617531555555,0.06271086688062522
i-0d1c421d52c368b29,4,44,6.446388032888889,0.02099389352810052
i-0d44050a4e6a71d7c,4,44,6.490525457666666,0.12108242867753925
i-0d6feb91baa545931,4,44,6.3198255697777785,0.016905905632859954
i-0dcfa6d3bc470d28d,4,44,6.305243412777778,0.011219902566110718
i-0e167bbfcd6a685f5,4,44,6.449514177111111,0.03424957185890264
i-0ede59d8254436a40,4,44,6.42891536811111,0.18114350002167803
i-0f285214d5c41327e,4,44,6.3433408471111115,0.040150742751461785
i-0f472084ac3992ad9,4,44,6.444012668444444,0.09701485667637827
i-0009b7735dea24732,5,43,6.328161663444444,0.03135441047131996
i-002f7e27ea3e0bc1c,5,43,6.339663134666667,0.04282885800031054
i-007e12c9530b8cdea,5,43,6.3101462523333325,0.04511151434252743
i-008e6f72c7403b5d3,5,43,6.317701498777778,0.030342356786230148
i-00ba7a56c944e5a25,5,43,6.370261298333333,0.019253317281704527
i-00d71d40b42658392,5,43,6.352608468777778,0.08240541414033246
i-01f539b055c2a5d34,5,43,6.364173385888888,0.11234108376239513
i-0243a74ede206f760,5,43,6.370498895666667,0.03841027957574028
i-02ca0e36a4acaf9fc,5,43,6.349457608333334,0.07090072578888666
i-048c3c6548c1a414a,5,43,6.3649577564444435,0.00992288202725569
i-0507566c757134fb6,5,43,6.362718052222223,0.0368427368671604
i-05e473f8ff82c1527,5,43,6.312860091333333,0.04733221267354169
i-067b2519b614c8f9d,5,43,6.334451542888888,0.03957401294285791
i-06b96f53253b4cc2e,5,43,6.339242749666666,0.05468860435668864
i-071a48cf857bce94f,5,43,6.339228921555556,0.02595090623770372
i-07379900fe80899d6,5,43,6.454822301888889,0.17317005959862883
i-0763ab86e85627573,5,43,6.381986432555556,0.0197895206664565
i-07998976f194caa97,5,43,6.368271695222223,0.09921808213337266
i-07be1c77f6fdf8eda,5,43,6.3192781873333335,0.024019282498918024
i-07c76ac1348426483,5,43,6.38142885088889,0.0946011219049936
i-0837f0f6a7a42ac68,5,43,6.393830776,0.0534993467847004
i-084caea7d9c000ba9,5,43,6.395273552999999,0.024566530443813236
i-08559b79281547ef2,5,43,6.3580479885555565,0.05574703154323851
i-08e70b514c8c3cd5a,5,43,6.294820573555556,0.04627832303018695
i-08ff78a502245298a,5,43,6.353788269888889,0.04643382968475291
i-095d06d26dd29ecec,5,43,6.368631760555555,0.012453608302285512
i-0977cb2af690d36fd,5,43,6.297402832333334,0.030657013948867856
i-09c658651b17c197e,5,43,6.412176450111111,0.0358049857820369
i-0b138e3642a677559,5,43,6.297473324555555,0.0401419152620611
i-0b3a38b18367faa71,5,43,6.3176578415555555,0.03346164648363165
i-0ba417327f988ba2b,5,43,6.362367232888889,0.018655014727516888
i-0bfaa8f4e041c36fa,5,43,6.3766731951111115,0.06312980738776956
i-0c3e9f9e7b281edfe,5,43,6.408596250666666,0.14541097528075295
i-0cc4b604b837f69d9,5,43,6.332429356111111,0.046248240462206554
i-0d136c81f43ce8a29,5,43,6.360250579111112,0.06180574503425728
i-0d1c421d52c368b29,5,43,6.394049273555556,0.040387748861871055
i-0d44050a4e6a71d7c,5,43,6.334911902777778,0.08356594728418308
i-0d6feb91baa545931,5,43,6.344284693444444,0.019948440212676
i-0dcfa6d3bc470d28d,5,43,6.334980355333333,0.04092324860340042
i-0e167bbfcd6a685f5,5,43,6.386467827666666,0.024023396990161514
i-0ede59d8254436a40,5,43,6.340485334444444,0.07866641611654805
i-0f285214d5c41327e,5,43,6.342424922666668,0.06189410955503704
i-0f472084ac3992ad9,5,43,6.33657474,0.0224699424226275
i-0009b7735dea24732,6,42,6.081109073444445,0.029323301468013232
i-002f7e27ea3e0bc1c,6,42,6.161455074888888,0.04622047955390342
i-007e12c9530b8cdea,6,42,6.180308050555555,0.05844041663054898
i-008e6f72c7403b5d3,6,42,6.101172102777777,0.028360558563197785
i-00ba7a56c944e5a25,6,42,6.396392371888888,0.11780633558131691
i-00d71d40b42658392,6,42,6.150307920222222,0.031554372549445917
i-01f539b055c2a5d34,6,42,6.151984400222222,0.06315722007645043
i-0243a74ede206f760,6,42,6.169026348222221,0.07548070738821097
i-02ca0e36a4acaf9fc,6,42,6.1610158284444445,0.04616348777038031
i-048c3c6548c1a414a,6,42,6.4175352256666685,0.09208197736890633
i-0507566c757134fb6,6,42,6.312371333555556,0.028611846744493165
i-067b2519b614c8f9d,6,42,6.120314969000001,0.027707364517511237
i-06b96f53253b4cc2e,6,42,6.441985342111112,0.1450648295492624
i-071a48cf857bce94f,6,42,6.268758826888888,0.01651596037609692
i-07379900fe80899d6,6,42,6.3549624547777785,0.026258187610500493
i-0763ab86e85627573,6,42,6.392951753333333,0.06390948015389503
i-07998976f194caa97,6,42,6.154755486444445,0.03655484534469387
i-07be1c77f6fdf8eda,6,42,6.360787497555556,0.014697060636221792
i-07c76ac1348426483,6,42,6.533924977111111,0.33254585763497047
i-0837f0f6a7a42ac68,6,42,6.398723231444444,0.14340306035377476
i-084caea7d9c000ba9,6,42,6.378298520777778,0.019259608908747797
i-08559b79281547ef2,6,42,6.322330660333333,0.016287914652432994
i-08e70b514c8c3cd5a,6,42,6.127477142555555,0.017479093930992826
i-08ff78a502245298a,6,42,6.142880704666667,0.020086893369361893
i-095d06d26dd29ecec,6,42,6.342498540999999,0.020732279831177463
i-0977cb2af690d36fd,6,42,6.093281004222223,0.0409277602135055
i-09c658651b17c197e,6,42,6.383933146666666,0.028895407669897136
i-0b138e3642a677559,6,42,6.162299076888889,0.06141732183793699
i-0b3a38b18367faa71,6,42,6.117489126,0.057538419321571284
i-0ba417327f988ba2b,6,42,6.363226122222222,0.04078272737463426
i-0bfaa8f4e041c36fa,6,42,6.3782857260000005,0.04838716156590455
i-0c3e9f9e7b281edfe,6,42,6.365772750555555,0.04384646713711527
i-0cc4b604b837f69d9,6,42,6.0884455573333325,0.010948089449835217
i-0d136c81f43ce8a29,6,42,6.156372308777778,0.03269732618557784
i-0d1c421d52c368b29,6,42,6.368617137333334,0.020073467519146904
i-0d44050a4e6a71d7c,6,42,6.384305874444444,0.0738379614043778
i-0d6feb91baa545931,6,42,6.1390629874444445,0.032607080170760645
i-0dcfa6d3bc470d28d,6,42,6.123274776777778,0.04072785540000766
i-0e167bbfcd6a685f5,6,42,6.359738561666667,0.019457663953307874
i-0ede59d8254436a40,6,42,6.175662438111113,0.09335841371464264
i-0f285214d5c41327e,6,42,6.3364062840000015,0.021875693221296393
i-0f472084ac3992ad9,6,42,6.3500312698888886,0.040035394256521584
i-0009b7735dea24732,7,41,6.107984039666665,0.01595955400405863
i-002f7e27ea3e0bc1c,7,41,6.168484369888889,0.046875366941817036
i-007e12c9530b8cdea,7,41,6.161186218222223,0.08184172388017119
i-008e6f72c7403b5d3,7,41,6.1062190532222225,0.028301782859300205
i-00ba7a56c944e5a25,7,41,6.3331196573333335,0.04657642290491483
i-00d71d40b42658392,7,41,6.1099151240000005,0.08605949706445842
i-01f539b055c2a5d34,7,41,6.101285086777778,0.02130322795755798
i-0243a74ede206f760,7,41,6.1332806479999995,0.02012902375903083
i-02ca0e36a4acaf9fc,7,41,6.145199616666667,0.01429259872729493
i-048c3c6548c1a414a,7,41,6.306289831888888,0.021950943624255502
i-0507566c757134fb6,7,41,6.273137119111111,0.022966568120053633
i-067b2519b614c8f9d,7,41,6.149356073777778,0.04834487739300068
i-06b96f53253b4cc2e,7,41,6.330141597222223,0.05248626932754848
i-07379900fe80899d6,7,41,6.441868835111111,0.28597305231843334
i-0763ab86e85627573,7,41,6.3327963352222225,0.015883928720332507
i-07998976f194caa97,7,41,6.127016279444445,0.019187713897676584
i-07be1c77f6fdf8eda,7,41,6.314659542555556,0.01558822884083762
i-07c76ac1348426483,7,41,6.309766716444445,0.04527801316380465
i-0837f0f6a7a42ac68,7,41,6.325949139111112,0.012630337154731962
i-084caea7d9c000ba9,7,41,6.354876015,0.14037514059195433
i-08559b79281547ef2,7,41,6.290519052333334,0.014210168318651465
i-08e70b514c8c3cd5a,7,41,6.120976553888888,0.01795109196356425
i-08ff78a502245298a,7,41,6.140861140444445,0.0246288823606003
i-095d06d26dd29ecec,7,41,6.3117451933333335,0.012866607876846008
i-0977cb2af690d36fd,7,41,6.091072744777778,0.022042560032451468
i-09c658651b17c197e,7,41,6.353059079666667,0.05793387834430294
i-0b138e3642a677559,7,41,6.1120353274444446,0.031491069821842195
i-0b3a38b18367faa71,7,41,6.075326787222222,0.026340668401768092
i-0ba417327f988ba2b,7,41,6.306981457666666,0.013909300121348988
i-0bfaa8f4e041c36fa,7,41,6.344798194,0.055468472859714416
i-0c3e9f9e7b281edfe,7,41,6.324453539333333,0.013304963331553904
i-0cc4b604b837f69d9,7,41,6.139966646888889,0.05365884874166566
i-0d136c81f43ce8a29,7,41,6.177985694777778,0.05326464462147815
i-0d1c421d52c368b29,7,41,6.3390857114444445,0.055406239224507436
i-0d44050a4e6a71d7c,7,41,6.322703096777777,0.07454967737944833
i-0d6feb91baa545931,7,41,6.111191511111111,0.02171743182982401
i-0dcfa6d3bc470d28d,7,41,6.100971910555555,0.019355571012503656
i-0e167bbfcd6a685f5,7,41,6.32899713522222,0.006090925754867146
i-0ede59d8254436a40,7,41,6.100183751888888,0.03790672923975936
i-0f285214d5c41327e,7,41,6.319480551555555,0.024133702480156664
i-0f472084ac3992ad9,7,41,6.306268453555556,0.10256235505625967
i-0009b7735dea24732,8,40,6.104417058888889,0.03252615417211487
i-002f7e27ea3e0bc1c,8,40,6.170280589,0.03627962237181551
i-007e12c9530b8cdea,8,40,6.1124697791111124,0.03710311701588402
i-008e6f72c7403b5d3,8,40,6.2649229634444445,0.21313222010064864
i-00ba7a56c944e5a25,8,40,6.151291052555555,0.01721404063620101
i-00d71d40b42658392,8,40,6.12765484388889,0.04639670532283171
i-01f539b055c2a5d34,8,40,6.139394018333333,0.016208510197557337
i-0243a74ede206f760,8,40,6.153452687666667,0.04191479875742449
i-02ca0e36a4acaf9fc,8,40,6.171858761,0.08636465934992547
i-048c3c6548c1a414a,8,40,6.1631199517777775,0.04379687065808592
i-0507566c757134fb6,8,40,6.147107733666665,0.03740652209144967
i-067b2519b614c8f9d,8,40,6.154501279222221,0.023363186253006346
i-06b96f53253b4cc2e,8,40,6.201022280555555,0.07428871850573543
i-07379900fe80899d6,8,40,6.175489929,0.07475289648610112
i-0763ab86e85627573,8,40,6.2215139601111105,0.10379138569603867
i-07998976f194caa97,8,40,6.1528042952222215,0.027593198299004657
i-07be1c77f6fdf8eda,8,40,6.141344679777777,0.020905423589560407
i-07c76ac1348426483,8,40,6.1655603779999995,0.08319435075084172
i-0837f0f6a7a42ac68,8,40,6.175038735,0.01328338530252726
i-084caea7d9c000ba9,8,40,6.191670788555555,0.021922014629286196
i-08559b79281547ef2,8,40,6.124780442888889,0.022398237594223182
i-08e70b514c8c3cd5a,8,40,6.147296905444445,0.038745861821924
i-08ff78a502245298a,8,40,6.151644653666667,0.02474375707890705
i-095d06d26dd29ecec,8,40,6.077663527555554,0.017690537963406413
i-0977cb2af690d36fd,8,40,6.174822463,0.09369583176018258
i-09c658651b17c197e,8,40,6.175952805222223,0.018200845753136626
i-0b138e3642a677559,8,40,6.133472760666667,0.05130551702068593
i-0b3a38b18367faa71,8,40,6.102653768222222,0.04570335833372288
i-0ba417327f988ba2b,8,40,6.146553569333333,0.02202734604513231
i-0bfaa8f4e041c36fa,8,40,6.193729718555555,0.09281289398156237
i-0c3e9f9e7b281edfe,8,40,6.157920916777778,0.027716964927018074
i-0cc4b604b837f69d9,8,40,6.109319210222221,0.03705129473055335
i-0d136c81f43ce8a29,8,40,6.215484168777778,0.11252585854463269
i-0d1c421d52c368b29,8,40,6.166537920666666,0.021822505838916224
i-0d44050a4e6a71d7c,8,40,6.146267943888889,0.0390693463716671
i-0d6feb91baa545931,8,40,6.140641874666667,0.02096194163450003
i-0dcfa6d3bc470d28d,8,40,6.145871003666667,0.027066714099016318
i-0e167bbfcd6a685f5,8,40,6.147686322444445,0.030794091038874146
i-0ede59d8254436a40,8,40,6.111770735888889,0.022686561359996155
i-0f285214d5c41327e,8,40,6.157849682888888,0.035898385165259256
i-0009b7735dea24732,9,39,6.105674849555556,0.020277516961478555
i-002f7e27ea3e0bc1c,9,39,6.174220455888889,0.03274202305368046
i-007e12c9530b8cdea,9,39,6.17124244911111,0.05927826451903806
i-008e6f72c7403b5d3,9,39,6.118367804333333,0.017904593590990222
i-00ba7a56c944e5a25,9,39,6.105889611888889,0.02514777163505158
i-00d71d40b42658392,9,39,6.212143606666666,0.06342057328450636
i-01f539b055c2a5d34,9,39,6.121313042111111,0.08045736897934869
i-0243a74ede206f760,9,39,6.167405737666666,0.04629687824749238
i-02ca0e36a4acaf9fc,9,39,6.180633995111111,0.07382666947706266
i-048c3c6548c1a414a,9,39,6.074090242333333,0.01758076371838123
i-0507566c757134fb6,9,39,6.05305714088889,0.02611665815318967
i-067b2519b614c8f9d,9,39,6.114328728777777,0.05007074722693456
i-06b96f53253b4cc2e,9,39,6.102240297666667,0.04650986222082692
i-07379900fe80899d6,9,39,6.087456305777778,0.010278745661688453
i-0763ab86e85627573,9,39,6.116759909555556,0.018306840696652248
i-07998976f194caa97,9,39,6.1718760066666665,0.029878676003658854
i-07be1c77f6fdf8eda,9,39,6.091221544444444,0.025076683712841545
i-07c76ac1348426483,9,39,6.063996182555555,0.06422763045317303
i-0837f0f6a7a42ac68,9,39,6.113500727444444,0.0566812869002115
i-084caea7d9c000ba9,9,39,6.144643624444445,0.016494153882624
i-08559b79281547ef2,9,39,6.084151400444444,0.05652458739090986
i-08e70b514c8c3cd5a,9,39,6.160057385666666,0.01752967136364535
i-08ff78a502245298a,9,39,6.146751085999999,0.019993773263034868
i-0977cb2af690d36fd,9,39,6.1872304015555555,0.11473684927470909
i-09c658651b17c197e,9,39,6.152325020777777,0.1536959032649643
i-0b138e3642a677559,9,39,6.149938318555555,0.09934375512579718
i-0b3a38b18367faa71,9,39,6.109750562222222,0.01802404465632385
i-0ba417327f988ba2b,9,39,6.1121363111111116,0.034617951617126295
i-0bfaa8f4e041c36fa,9,39,6.165851328111112,0.1590321962102944
i-0c3e9f9e7b281edfe,9,39,6.112987226777779,0.029481531166341533
i-0cc4b604b837f69d9,9,39,6.1331284576666665,0.016058789823978008
i-0d136c81f43ce8a29,9,39,6.140574110888889,0.03044239828880662
i-0d1c421d52c368b29,9,39,6.095561716111111,0.047101325606387814
i-0d44050a4e6a71d7c,9,39,6.085655159333332,0.016437009892612885
i-0d6feb91baa545931,9,39,6.170630189888889,0.035147775476732195
i-0dcfa6d3bc470d28d,9,39,6.110639280777779,0.027171438173948056
i-0e167bbfcd6a685f5,9,39,6.109164529333333,0.02358954684010022
i-0ede59d8254436a40,9,39,6.169641256333334,0.13556570519964084
i-0f285214d5c41327e,9,39,6.079211711888888,0.019817450720677428
i-0009b7735dea24732,10,38,6.172976626222222,0.07699955532521216
i-002f7e27ea3e0bc1c,10,38,6.173490338888889,0.03663923301523053
i-007e12c9530b8cdea,10,38,6.123810211888888,0.021126045756349115
i-008e6f72c7403b5d3,10,38,6.121630907,0.05307540456580967
i-00ba7a56c944e5a25,10,38,6.102370447444445,0.030190656498957448
i-00d71d40b42658392,10,38,6.215404563666667,0.14796177149608675
i-01f539b055c2a5d34,10,38,6.142708434111111,0.07016730804469658
i-0243a74ede206f760,10,38,6.161908891666666,0.015418530912989144
i-02ca0e36a4acaf9fc,10,38,6.216688950999999,0.14544020378570088
i-048c3c6548c1a414a,10,38,6.037463373666666,0.022104970015463528
i-0507566c757134fb6,10,38,6.049992137444445,0.027287649294204935
i-067b2519b614c8f9d,10,38,6.1511654324444445,0.02531874626729934
i-06b96f53253b4cc2e,10,38,6.066129260555556,0.03587494625234947
i-07379900fe80899d6,10,38,6.062625964444444,0.04416082127460313
i-0763ab86e85627573,10,38,6.0825926463333335,0.020564334299545482
i-07998976f194caa97,10,38,6.226183414333332,0.11096397744638385
i-07be1c77f6fdf8eda,10,38,6.078164153555556,0.03741826345594536
i-07c76ac1348426483,10,38,6.133725113222223,0.20038345429208526
i-0837f0f6a7a42ac68,10,38,6.1732222503333345,0.25300709796294696
i-084caea7d9c000ba9,10,38,6.1039452022222225,0.053255559727919
i-08559b79281547ef2,10,38,6.040576325555555,0.018944643342842047
i-08e70b514c8c3cd5a,10,38,6.163391881444444,0.06360294033665007
i-08ff78a502245298a,10,38,6.1710757944444445,0.021238129257004235
i-0977cb2af690d36fd,10,38,6.118453396666667,0.12532353078450886
i-09c658651b17c197e,10,38,6.086454205888888,0.015116842581275105
i-0b138e3642a677559,10,38,6.158520672222221,0.13926316453269041
i-0b3a38b18367faa71,10,38,6.117887867888888,0.024664457856543868
i-0ba417327f988ba2b,10,38,6.061733140111111,0.060618673695225965
i-0c3e9f9e7b281edfe,10,38,6.095034546333334,0.08543174354101764
i-0cc4b604b837f69d9,10,38,6.156543546222221,0.059406056147481616
i-0d136c81f43ce8a29,10,38,6.185884210888888,0.02573584654010121
i-0d1c421d52c368b29,10,38,6.05903932788889,0.025498760233018933
i-0d44050a4e6a71d7c,10,38,6.062900437222222,0.07607196868894298
i-0d6feb91baa545931,10,38,6.141850074222223,0.01717509360330428
i-0dcfa6d3bc470d28d,10,38,6.166997538666667,0.0519757403503488
i-0e167bbfcd6a685f5,10,38,6.063213904777778,0.019359735251709295
i-0ede59d8254436a40,10,38,6.126998557,0.01777193942160927
i-0f285214d5c41327e,10,38,6.048048337333333,0.017361616548930127
i-0009b7735dea24732,11,37,6.106578694333333,0.09362974094394581
i-002f7e27ea3e0bc1c,11,37,6.098702350999999,0.03827763902897156
i-007e12c9530b8cdea,11,37,6.1081330246666665,0.036586313701291
i-008e6f72c7403b5d3,11,37,6.084071106333334,0.09881509407920142
i-00ba7a56c944e5a25,11,37,6.084948566111112,0.06701695194074597
i-00d71d40b42658392,11,37,6.0886916848888895,0.01848982172000474
i-01f539b055c2a5d34,11,37,6.103525347222222,0.008703403703673058
i-0243a74ede206f760,11,37,6.134554200666667,0.06293940876737553
i-02ca0e36a4acaf9fc,11,37,6.101139015555556,0.013824133846878937
i-048c3c6548c1a414a,11,37,6.071582555666667,0.04031571057137004
i-0507566c757134fb6,11,37,6.075427452555555,0.02567107736423866
i-067b2519b614c8f9d,11,37,6.094168822,0.011964912378123473
i-06b96f53253b4cc2e,11,37,6.115934795777777,0.099780748319439
i-07379900fe80899d6,11,37,6.077024618777777,0.09561997341862542
i-0763ab86e85627573,11,37,6.119165844333333,0.05911660708479337
i-07998976f194caa97,11,37,6.131983465666668,0.01476435703661265
i-07be1c77f6fdf8eda,11,37,6.075128131444444,0.025090167320132438
i-07c76ac1348426483,11,37,6.0761515298888895,0.05517027936697944
i-0837f0f6a7a42ac68,11,37,6.058956146222223,0.024665944600109378
i-084caea7d9c000ba9,11,37,6.103901704111112,0.06368710427965399
i-08559b79281547ef2,11,37,6.057109276444445,0.0352199160178351
i-08e70b514c8c3cd5a,11,37,6.094120025444445,0.03826423045874347
i-08ff78a502245298a,11,37,6.0878516302222225,0.043424139602958794
i-0977cb2af690d36fd,11,37,6.0719222228888885,0.012347856411155307
i-09c658651b17c197e,11,37,6.099498219000001,0.02167922923005755
i-0b138e3642a677559,11,37,6.117037667111112,0.06318355468260105
i-0ba417327f988ba2b,11,37,6.124302466555556,0.08370678688770526
i-0c3e9f9e7b281edfe,11,37,6.188995361333333,0.23765662327099682
i-0cc4b604b837f69d9,11,37,6.090553469222222,0.01249678407890055
i-0d136c81f43ce8a29,11,37,6.110617505222223,0.03434555184645303
i-0d1c421d52c368b29,11,37,6.109871493555556,0.06397025532817024
i-0d44050a4e6a71d7c,11,37,6.111206054555556,0.08646905341899094
i-0d6feb91baa545931,11,37,6.094028446444444,0.029265157148658544
i-0dcfa6d3bc470d28d,11,37,6.104793813777778,0.01831838820688126
i-0e167bbfcd6a685f5,11,37,6.0887219111111115,0.018572092533396888
i-0ede59d8254436a40,11,37,6.0920495720000005,0.048829518868360816
i-0f285214d5c41327e,11,37,6.054184092333333,0.01839981425414594
i-0009b7735dea24732,12,36,6.102621846777778,0.0431508568873431
i-002f7e27ea3e0bc1c,12,36,6.179962105333334,0.1365714560640198
i-007e12c9530b8cdea,12,36,6.174062808444445,0.11578277283422556
i-008e6f72c7403b5d3,12,36,6.102416303666667,0.02419671656592077
i-00ba7a56c944e5a25,12,36,6.064701980888888,0.045047316649557925
i-00d71d40b42658392,12,36,6.136361969777777,0.07556127436595404
i-01f539b055c2a5d34,12,36,6.137659841111112,0.0763860858272286
i-0243a74ede206f760,12,36,6.185196929555556,0.12747204935975404
i-02ca0e36a4acaf9fc,12,36,6.144147131222223,0.06531504765122982
i-048c3c6548c1a414a,12,36,6.016522857888889,0.05935824471971323
i-0507566c757134fb6,12,36,5.9906923506666665,0.046511944321997796
i-067b2519b614c8f9d,12,36,6.128256426888889,0.05187427687749498
i-06b96f53253b4cc2e,12,36,6.024321211666668,0.022367671697384482
i-0763ab86e85627573,12,36,6.063711457777778,0.03790602640237481
i-07998976f194caa97,12,36,6.151905987,0.020743990337869698
i-07be1c77f6fdf8eda,12,36,6.056531085111111,0.04330444687158907
i-07c76ac1348426483,12,36,6.05883683088889,0.094827647721132
i-0837f0f6a7a42ac68,12,36,6.039702415333334,0.012119051490569775
i-084caea7d9c000ba9,12,36,6.0645337898888885,0.025495572658400818
i-08559b79281547ef2,12,36,6.015140427333334,0.04922646106868586
i-08e70b514c8c3cd5a,12,36,6.123301717888889,0.056157459374196535
i-08ff78a502245298a,12,36,6.123187727333334,0.03668414542784614
i-0977cb2af690d36fd,12,36,6.071982489666667,0.016816795302491992
i-09c658651b17c197e,12,36,6.067743063111112,0.02331949703011982
i-0b138e3642a677559,12,36,6.077673488333334,0.01611853940929985
i-0ba417327f988ba2b,12,36,6.014193084444444,0.012151856075059617
i-0c3e9f9e7b281edfe,12,36,6.081659952666666,0.1279362565838523
i-0cc4b604b837f69d9,12,36,6.107984834222222,0.02036408312183977
i-0d136c81f43ce8a29,12,36,6.126294321444444,0.03944971662377978
i-0d1c421d52c368b29,12,36,6.052319579555555,0.01753468085286044
i-0d44050a4e6a71d7c,12,36,6.0400096312222225,0.04181436409073794
i-0d6feb91baa545931,12,36,6.1097453963333335,0.013784642518846493
i-0dcfa6d3bc470d28d,12,36,6.095492442444444,0.046307938773873576
i-0e167bbfcd6a685f5,12,36,6.038344171333332,0.01872346538566926
i-0ede59d8254436a40,12,36,6.071085532444445,0.014200740465855805
i-0f285214d5c41327e,12,36,6.000344885777778,0.017516471982205066
i-0009b7735dea24732,13,35,6.066863218999999,0.04790745423430848
i-002f7e27ea3e0bc1c,13,35,6.119010978222223,0.10642793326975729
i-007e12c9530b8cdea,13,35,6.090615749333335,0.0564600796629965
i-00ba7a56c944e5a25,13,35,6.039893945111111,0.01778585163616586
i-00d71d40b42658392,13,35,6.061994049222223,0.04052198092059745
i-01f539b055c2a5d34,13,35,6.048124393,0.014227943545506137
i-0243a74ede206f760,13,35,6.092746337222223,0.031520541938255965
i-02ca0e36a4acaf9fc,13,35,6.1219533284444445,0.1745718433947453
i-048c3c6548c1a414a,13,35,6.003279288555556,0.013369410595238027
i-0507566c757134fb6,13,35,6.015382369333333,0.010541866410242634
i-067b2519b614c8f9d,13,35,6.086137294777777,0.03561809738167286
i-06b96f53253b4cc2e,13,35,6.046257946222223,0.03913783268388438
i-0763ab86e85627573,13,35,6.073730892666667,0.02962146851685857
i-07998976f194caa97,13,35,6.108441220444444,0.09319970362614462
i-07be1c77f6fdf8eda,13,35,6.066747506444445,0.06643005203497977
i-07c76ac1348426483,13,35,6.113649023888889,0.16346858068612158
i-0837f0f6a7a42ac68,13,35,6.093488242777778,0.09654091549962832
i-084caea7d9c000ba9,13,35,6.060036023444445,0.012621885620059763
i-08559b79281547ef2,13,35,5.998858822777778,0.023583366644400316
i-08e70b514c8c3cd5a,13,35,6.081661303666666,0.02246918151436049
i-08ff78a502245298a,13,35,6.087704658444444,0.025319246509350836
i-0977cb2af690d36fd,13,35,6.002603636777778,0.03169985611465593
i-09c658651b17c197e,13,35,6.039944357444444,0.04260677740540815
i-0b138e3642a677559,13,35,6.068997674666667,0.11094649826814067
i-0ba417327f988ba2b,13,35,6.025324874333334,0.016173423755455968
i-0c3e9f9e7b281edfe,13,35,6.019724580888888,0.01643393716187616
i-0cc4b604b837f69d9,13,35,6.065506007777778,0.0422199027113934
i-0d136c81f43ce8a29,13,35,6.124214251666667,0.13953241328626348
i-0d1c421d52c368b29,13,35,6.051262882111111,0.04022139647677697
i-0d44050a4e6a71d7c,13,35,6.029382758555555,0.051371310795850424
i-0d6feb91baa545931,13,35,6.0759872596666655,0.01518559000282808
i-0dcfa6d3bc470d28d,13,35,6.044585890222223,0.01315097848906812
i-0e167bbfcd6a685f5,13,35,6.028360207777778,0.02972846908966351
i-0ede59d8254436a40,13,35,6.038255506111111,0.009553860738967208
i-0f285214d5c41327e,13,35,6.003068182222222,0.02381590404400893
i-0009b7735dea24732,14,34,6.048430839888889,0.016255572956702748
i-002f7e27ea3e0bc1c,14,34,6.071341355555555,0.012495228343718748
i-007e12c9530b8cdea,14,34,6.036523792444445,0.017964090790885186
i-00ba7a56c944e5a25,14,34,5.609308560555555,0.04869005235277223
i-00d71d40b42658392,14,34,6.102609581333333,0.0765416857715913
i-01f539b055c2a5d34,14,34,6.063976181777778,0.04228474606316384
i-0243a74ede206f760,14,34,6.069042046777778,0.1053347369314309
i-02ca0e36a4acaf9fc,14,34,6.069141441,0.01682126221551998
i-0507566c757134fb6,14,34,5.5755757755555555,0.0210749628845647
i-067b2519b614c8f9d,14,34,6.059299469111111,0.014466494564688601
i-06b96f53253b4cc2e,14,34,5.645416868999999,0.15536964562219907
i-0763ab86e85627573,14,34,5.657059854888889,0.07688733860124314
i-07998976f194caa97,14,34,6.074753363888888,0.024856786279372097
i-07be1c77f6fdf8eda,14,34,5.6302722824444436,0.10273949183608812
i-07c76ac1348426483,14,34,5.677317751777777,0.1675511532074017
i-0837f0f6a7a42ac68,14,34,5.611991458555555,0.048079853506074105
i-084caea7d9c000ba9,14,34,5.608417669777778,0.011376946864415849
i-08559b79281547ef2,14,34,5.556395212888889,0.014426559722204262
i-08e70b514c8c3cd5a,14,34,6.07641334,0.019471029289419794
i-08ff78a502245298a,14,34,6.033987283777777,0.01599565402144359
i-0977cb2af690d36fd,14,34,6.024486886111111,0.02067611084154558
i-09c658651b17c197e,14,34,5.622127718444444,0.08532190154840691
i-0b138e3642a677559,14,34,6.035575840111111,0.01754068615490946
i-0ba417327f988ba2b,14,34,5.570937554,0.01684476116841017
i-0c3e9f9e7b281edfe,14,34,5.574631372888888,0.013003016870901342
i-0cc4b604b837f69d9,14,34,6.059982008555555,0.03996144389051416
i-0d136c81f43ce8a29,14,34,6.083385838444444,0.05902196351953298
i-0d1c421d52c368b29,14,34,5.579580121666667,0.016113871246901324
i-0d44050a4e6a71d7c,14,34,5.600260602,0.08779773674997647
i-0d6feb91baa545931,14,34,6.081111219,0.05626049638029754
i-0dcfa6d3bc470d28d,14,34,6.051536904333334,0.02129987711292368
i-0e167bbfcd6a685f5,14,34,5.587666299555555,0.014831933602366901
i-0ede59d8254436a40,14,34,6.031508896222222,0.01987985833062103
i-0f285214d5c41327e,14,34,5.545113669555556,0.018303444287848636
i-0009b7735dea24732,15,33,6.000900480444445,0.013368528599875395
i-002f7e27ea3e0bc1c,15,33,6.086573203333334,0.09716705738440727
i-007e12c9530b8cdea,15,33,6.0236640771111105,0.023466982707046124
i-00ba7a56c944e5a25,15,33,5.6135199334444446,0.050684370730296
i-00d71d40b42658392,15,33,6.050863292444443,0.08671832490080716
i-01f539b055c2a5d34,15,33,6.006794346777777,0.0108312122001506
i-02ca0e36a4acaf9fc,15,33,6.042054785555555,0.053278260415585234
i-0507566c757134fb6,15,33,5.590570529222223,0.008113518056123484
i-067b2519b614c8f9d,15,33,6.030113273222223,0.012192717065180122
i-06b96f53253b4cc2e,15,33,5.6085411706666655,0.01701132163664124
i-0763ab86e85627573,15,33,5.621445258555556,0.016729156796023006
i-07998976f194caa97,15,33,6.095762040777777,0.06687420497897154
i-07be1c77f6fdf8eda,15,33,5.625485817777777,0.034800549138447635
i-07c76ac1348426483,15,33,5.598021242333334,0.053839258183696816
i-0837f0f6a7a42ac68,15,33,5.628660493333332,0.05438096020031899
i-084caea7d9c000ba9,15,33,5.6326752238888895,0.05870890461523406
i-08559b79281547ef2,15,33,5.577031400222223,0.017210511518427056
i-08e70b514c8c3cd5a,15,33,6.028853707777778,0.016317590161113654
i-08ff78a502245298a,15,33,6.058850076555555,0.08717390946613186
i-0977cb2af690d36fd,15,33,6.019854386555555,0.048749002520653846
i-09c658651b17c197e,15,33,5.6318012343333335,0.05914362857767498
i-0b138e3642a677559,15,33,6.026064978888889,0.05969482768665625
i-0ba417327f988ba2b,15,33,5.588949044444444,0.015529447605032899
i-0c3e9f9e7b281edfe,15,33,5.595162444555556,0.010782645718276088
i-0cc4b604b837f69d9,15,33,6.028384711888889,0.05431262205166417
i-0d136c81f43ce8a29,15,33,6.041896899555556,0.025161789995066196
i-0d1c421d52c368b29,15,33,5.607765701111111,0.024769864673631646
i-0d44050a4e6a71d7c,15,33,5.574083275333333,0.009406433759311819
i-0d6feb91baa545931,15,33,6.0540662871111115,0.0553237920514798
i-0dcfa6d3bc470d28d,15,33,6.005061547,0.0181571099923931
i-0e167bbfcd6a685f5,15,33,5.5973449813333325,0.023806068239354588
i-0ede59d8254436a40,15,33,6.023137966666666,0.02868587075244144
i-0f285214d5c41327e,15,33,5.577238665555556,0.01065175594364534
i-0009b7735dea24732,16,32,6.016449107222222,0.01937757532776158
i-002f7e27ea3e0bc1c,16,32,6.081157313555556,0.056161526995426314
i-007e12c9530b8cdea,16,32,6.082859145333334,0.08979758657842897
i-00ba7a56c944e5a25,16,32,5.568713506222222,0.04485527362646409
i-00d71d40b42658392,16,32,6.066749334222223,0.10461017764589534
i-01f539b055c2a5d34,16,32,6.042659573888889,0.05761246350208668
i-02ca0e36a4acaf9fc,16,32,6.0621699491111105,0.06329791996854585
i-0507566c757134fb6,16,32,5.538835710888888,0.01575309319964446
i-067b2519b614c8f9d,16,32,6.046163452888889,0.05268452863483356
i-06b96f53253b4cc2e,16,32,5.556720945555556,0.014635172059745287
i-0763ab86e85627573,16,32,5.607768721,0.036691702945004755
i-07998976f194caa97,16,32,6.044396347555556,0.01177988897825192
i-07be1c77f6fdf8eda,16,32,5.5588397451111105,0.010224790134574228
i-07c76ac1348426483,16,32,5.538667943666668,0.0536955269747068
i-0837f0f6a7a42ac68,16,32,5.571838272888888,0.006959302146723544
i-084caea7d9c000ba9,16,32,5.585053894222223,0.016715075604107895
i-08559b79281547ef2,16,32,5.528722683333334,0.012937438821565166
i-08e70b514c8c3cd5a,16,32,6.063057104888888,0.045714913676248504
i-08ff78a502245298a,16,32,6.0304173893333335,0.021402634592305014
i-0977cb2af690d36fd,16,32,6.056342336999999,0.061036305502461044
i-09c658651b17c197e,16,32,5.637731154777777,0.17867500870757633
i-0b138e3642a677559,16,32,6.029526578222222,0.05468351561046779
i-0ba417327f988ba2b,16,32,5.579388009111111,0.10146603468636764
i-0c3e9f9e7b281edfe,16,32,5.570367468777778,0.043495132111899835
i-0cc4b604b837f69d9,16,32,6.039893547777778,0.02357096818308537
i-0d136c81f43ce8a29,16,32,6.058465295444444,0.05090585111547465
i-0d1c421d52c368b29,16,32,5.5566383998888895,0.014643974003280916
i-0d6feb91baa545931,16,32,6.027660634888889,0.007856201066557003
i-0dcfa6d3bc470d28d,16,32,6.0351738664444445,0.047142051783996476
i-0e167bbfcd6a685f5,16,32,5.5684645706666664,0.015443686902190853
i-0ede59d8254436a40,16,32,6.038143449444444,0.05345985037062971
i-0f285214d5c41327e,16,32,5.534174256777778,0.014597914647203896
i-0009b7735dea24732,17,31,5.6018334231111115,0.05232632574835642
i-002f7e27ea3e0bc1c,17,31,5.652296357777778,0.06399024572303665
i-007e12c9530b8cdea,17,31,5.618665430222221,0.0523162803129338
i-00ba7a56c944e5a25,17,31,5.574570973555556,0.03846066782151761
i-00d71d40b42658392,17,31,5.664476394666666,0.16364002039565445
i-02ca0e36a4acaf9fc,17,31,5.665196259888889,0.19322483849439526
i-0507566c757134fb6,17,31,5.5620543693333335,0.04216293537565269
i-067b2519b614c8f9d,17,31,5.591928217222222,0.016252213513125856
i-06b96f53253b4cc2e,17,31,5.575225511999999,0.0373737753788274
i-0763ab86e85627573,17,31,5.5900940364444445,0.060997620108059904
i-07998976f194caa97,17,31,5.636674271666666,0.10910835052061729
i-07be1c77f6fdf8eda,17,31,5.5576427246666675,0.01229495104007653
i-07c76ac1348426483,17,31,5.555438783555556,0.040959460626647015
i-0837f0f6a7a42ac68,17,31,5.601895544222222,0.06842451767146898
i-084caea7d9c000ba9,17,31,5.600354327222223,0.022630017688530273
i-08559b79281547ef2,17,31,5.549077934666666,0.015181607310622663
i-08e70b514c8c3cd5a,17,31,5.5998026,0.02416913993669196
i-08ff78a502245298a,17,31,5.611030048777778,0.007321759609491197
i-0977cb2af690d36fd,17,31,5.651139471111111,0.22775928303578674
i-09c658651b17c197e,17,31,5.602951897555556,0.0518973626726486
i-0b138e3642a677559,17,31,5.592939535666667,0.09015246511489004
i-0ba417327f988ba2b,17,31,5.574954827777778,0.050284265018802905
i-0c3e9f9e7b281edfe,17,31,5.533616860666665,0.014979875405749299
i-0cc4b604b837f69d9,17,31,5.597082614888889,0.015019810137850899
i-0d136c81f43ce8a29,17,31,5.598539299444444,0.02187960365062433
i-0d1c421d52c368b29,17,31,5.568966653555556,0.013079090027890015
i-0d6feb91baa545931,17,31,5.605943547333332,0.012451361144773281
i-0dcfa6d3bc470d28d,17,31,5.576370000777779,0.012478899690224508
i-0e167bbfcd6a685f5,17,31,5.584703445444443,0.02084860528640927
i-0ede59d8254436a40,17,31,5.590893136111111,0.01795941527566446
i-0f285214d5c41327e,17,31,5.540317085111111,0.012025440495403493
i-0009b7735dea24732,18,30,5.621867683111111,0.1513564073409631
i-002f7e27ea3e0bc1c,18,30,5.6217722098888885,0.04113986816829384
i-007e12c9530b8cdea,18,30,5.621364778999999,0.03013629966896928
i-00ba7a56c944e5a25,18,30,5.566744539555556,0.045121007030068244
i-00d71d40b42658392,18,30,5.574233055,0.016016144864180085
i-02ca0e36a4acaf9fc,18,30,5.6149371729999995,0.05285364796520662
i-0507566c757134fb6,18,30,5.526671436111111,0.028870085076295342
i-067b2519b614c8f9d,18,30,5.605762958555555,0.020813785271880377
i-06b96f53253b4cc2e,18,30,5.540330304,0.021074298535377456
i-0763ab86e85627573,18,30,5.559723483000001,0.015844405221115018
i-07998976f194caa97,18,30,5.615935352111111,0.015321459484411782
i-07be1c77f6fdf8eda,18,30,5.541938622666667,0.011572805524926151
i-07c76ac1348426483,18,30,5.528448422777777,0.05688449388584869
i-0837f0f6a7a42ac68,18,30,5.577237526666668,0.052034061296094884
i-084caea7d9c000ba9,18,30,5.565910895555555,0.03815948460120606
i-08559b79281547ef2,18,30,5.5343681443333335,0.046699184934611046
i-08e70b514c8c3cd5a,18,30,5.617949618111111,0.008545717656997883
i-08ff78a502245298a,18,30,5.5933409797777776,0.017459364538716996
i-0977cb2af690d36fd,18,30,5.5955004426666655,0.05694453089196728
i-09c658651b17c197e,18,30,5.561771207333333,0.010286206986081277
i-0b138e3642a677559,18,30,5.577655182888889,0.008644665754666905
i-0ba417327f988ba2b,18,30,5.560426977,0.06213490688024426
i-0c3e9f9e7b281edfe,18,30,5.524496873222223,0.02125846659860537
i-0cc4b604b837f69d9,18,30,5.58175945288889,0.04634605176880802
i-0d136c81f43ce8a29,18,30,5.648843950666667,0.05224157820228354
i-0d1c421d52c368b29,18,30,5.551668511555555,0.04519873195978354
i-0d6feb91baa545931,18,30,5.602692365555556,0.012049358051054625
i-0dcfa6d3bc470d28d,18,30,5.605755329111112,0.04378990421917128
i-0ede59d8254436a40,18,30,5.549720923,0.011270452871185981
i-0f285214d5c41327e,18,30,5.502319018000001,0.026656333441216814
i-0009b7735dea24732,19,29,5.550155825,0.011198201851775608
i-002f7e27ea3e0bc1c,19,29,5.592513826111111,0.021040670744886886
i-007e12c9530b8cdea,19,29,5.56013446388889,0.017507198840416304
i-00ba7a56c944e5a25,19,29,5.595746146333335,0.15110830884700546
i-00d71d40b42658392,19,29,5.608132998333334,0.1107666051451365
i-02ca0e36a4acaf9fc,19,29,5.6076998444444435,0.056959407011836966
i-0507566c757134fb6,19,29,5.530558877555555,0.01781740789010273
i-067b2519b614c8f9d,19,29,5.540576537444445,0.01235091785253833
i-06b96f53253b4cc2e,19,29,5.560569524888889,0.08121493739735859
i-0763ab86e85627573,19,29,5.592658308,0.07983806902808971
i-07998976f194caa97,19,29,5.62130684311111,0.09921286342842434
i-07be1c77f6fdf8eda,19,29,5.53660917288889,0.015883156432119926
i-07c76ac1348426483,19,29,5.549800475333333,0.0630739187405731
i-0837f0f6a7a42ac68,19,29,5.566363705444444,0.020587122765464677
i-084caea7d9c000ba9,19,29,5.546920193666668,0.012319289726048795
i-08559b79281547ef2,19,29,5.511154678222223,0.014152267121409339
i-08e70b514c8c3cd5a,19,29,5.590955575333333,0.007531979185622514
i-08ff78a502245298a,19,29,5.587852345666667,0.041450010147812764
i-0977cb2af690d36fd,19,29,5.610214418888889,0.11313833915444549
i-09c658651b17c197e,19,29,5.607721037444445,0.10089988308361805
i-0b138e3642a677559,19,29,5.56154359711111,0.04334457755946642
i-0ba417327f988ba2b,19,29,5.533086962111112,0.03719541345522877
i-0c3e9f9e7b281edfe,19,29,5.5383537608888895,0.014600120774453404
i-0cc4b604b837f69d9,19,29,5.533795171444444,0.012384942891830097
i-0d136c81f43ce8a29,19,29,5.569273948666667,0.016669403802489935
i-0d1c421d52c368b29,19,29,5.546534352888889,0.01894284432395053
i-0d6feb91baa545931,19,29,5.565568765,0.008599626256089109
i-0dcfa6d3bc470d28d,19,29,5.556442313777777,0.017967031127088254
i-0f285214d5c41327e,19,29,5.511331187333333,0.016796978405845094
i-0009b7735dea24732,20,28,5.564726591222222,0.06305045628506503
i-002f7e27ea3e0bc1c,20,28,5.591616418777779,0.08710771690185411
i-007e12c9530b8cdea,20,28,5.561220963666667,0.014758222297575023
i-00ba7a56c944e5a25,20,28,5.520670996777778,0.047018045880751105
i-00d71d40b42658392,20,28,5.586316982777777,0.051899716612848645
i-02ca0e36a4acaf9fc,20,28,5.578811804444444,0.07895604797591849
i-0507566c757134fb6,20,28,5.500698433888889,0.014985802081306995
i-067b2519b614c8f9d,20,28,5.570572084777778,0.011643468695881098
i-06b96f53253b4cc2e,20,28,5.504617558444445,0.01666439294546407
i-0763ab86e85627573,20,28,5.537772522999999,0.01975206193917949
i-07998976f194caa97,20,28,5.545552042000001,0.09194589675200077
i-07be1c77f6fdf8eda,20,28,5.5170982943333335,0.049869733028824866
i-0837f0f6a7a42ac68,20,28,5.563980711777777,0.14197007624568514
i-084caea7d9c000ba9,20,28,5.532640086333334,0.017032476001202404
i-08559b79281547ef2,20,28,5.4559942881111105,0.012854045793290051
i-08e70b514c8c3cd5a,20,28,5.594798353,0.028792013839909546
i-08ff78a502245298a,20,28,5.589136865444445,0.050070836950311816
i-0977cb2af690d36fd,20,28,5.5228608981111105,0.05414546378066436
i-09c658651b17c197e,20,28,5.583777533444444,0.15411026950096746
i-0b138e3642a677559,20,28,5.529937214333334,0.019173343008200665
i-0ba417327f988ba2b,20,28,5.507070488444445,0.047618946547393355
i-0c3e9f9e7b281edfe,20,28,5.4982431464444455,0.02065440555595679
i-0cc4b604b837f69d9,20,28,5.557386928000001,0.020312896607402063
i-0d136c81f43ce8a29,20,28,5.571254624222222,0.013319875001490579
i-0d1c421d52c368b29,20,28,5.517061842777778,0.012440373987099636
i-0d6feb91baa545931,20,28,5.549141618888889,0.014206761690107445
i-0dcfa6d3bc470d28d,20,28,5.564204772444445,0.040974989377075784
i-0f285214d5c41327e,20,28,5.465125772666667,0.013558662149450583
i-0009b7735dea24732,21,27,5.546540074999999,0.015291957469486668
i-002f7e27ea3e0bc1c,21,27,5.636509471444445,0.08702510873433279
i-007e12c9530b8cdea,21,27,5.610024716999999,0.06458524449811724
i-00ba7a56c944e5a25,21,27,5.153372155333333,0.011895683837313578
i-00d71d40b42658392,21,27,5.591019842222221,0.057602410181052256
i-02ca0e36a4acaf9fc,21,27,5.585034290888888,0.03886206610455161
i-0507566c757134fb6,21,27,5.151362101222222,0.009050693132674736
i-067b2519b614c8f9d,21,27,5.582441912666667,0.009825678855960928
i-06b96f53253b4cc2e,21,27,5.1477527088888895,0.015779580528466324
i-0763ab86e85627573,21,27,5.193515751222222,0.016027989128746218
i-07998976f194caa97,21,27,5.615270217111111,0.04951344525482073
i-0837f0f6a7a42ac68,21,27,5.180282672222223,0.05203644003787515
i-084caea7d9c000ba9,21,27,5.183080461333333,0.016908505831190086
i-08559b79281547ef2,21,27,5.144991238666667,0.06038451519388416
i-08e70b514c8c3cd5a,21,27,5.583246602,0.050455813884261645
i-08ff78a502245298a,21,27,5.579853587777778,0.040047049653853944
i-0977cb2af690d36fd,21,27,5.5995796257777775,0.07951265355350509
i-09c658651b17c197e,21,27,5.214723481,0.06808800247670187
i-0b138e3642a677559,21,27,5.5769313443333335,0.07068832715630952
i-0ba417327f988ba2b,21,27,5.190726280222222,0.07360328708647206
i-0c3e9f9e7b281edfe,21,27,5.147454102777778,0.016819858425957564
i-0cc4b604b837f69d9,21,27,5.58880538411111,0.051097735263660515
i-0d136c81f43ce8a29,21,27,5.582941240555556,0.015070583825737721
i-0d1c421d52c368b29,21,27,5.178823788888889,0.043436483068039905
i-0d6feb91baa545931,21,27,5.583243131666667,0.039876034174008
i-0dcfa6d3bc470d28d,21,27,5.5707652570000015,0.046617836484233954
i-0f285214d5c41327e,21,27,5.113487296777778,0.024055396795091742
i-0009b7735dea24732,22,26,5.541542662555555,0.007642675954285795
i-002f7e27ea3e0bc1c,22,26,5.618062893555556,0.048689584538003414
i-007e12c9530b8cdea,22,26,5.610992590555555,0.09558815279064187
i-00ba7a56c944e5a25,22,26,5.12920278988889,0.010962173255342888
i-00d71d40b42658392,22,26,5.5659200616666675,0.05986093306938418
i-02ca0e36a4acaf9fc,22,26,5.584912724,0.058242243792621017
i-0507566c757134fb6,22,26,5.134963432888889,0.02571481295767348
i-067b2519b614c8f9d,22,26,5.5764922564444435,0.02960155541255755
i-06b96f53253b4cc2e,22,26,5.155015283222223,0.05352826293378169
i-0763ab86e85627573,22,26,5.1655564307777775,0.03456219262070444
i-07998976f194caa97,22,26,5.6136768660000005,0.0450984024185271
i-0837f0f6a7a42ac68,22,26,5.151852793111111,0.012126181785796029
i-084caea7d9c000ba9,22,26,5.165660990666667,0.022966963045122652
i-08559b79281547ef2,22,26,5.107217020555556,0.01649723927664685
i-08e70b514c8c3cd5a,22,26,5.5908479161111115,0.018805122949886677
i-08ff78a502245298a,22,26,5.5743489796666665,0.010499523367086348
i-0977cb2af690d36fd,22,26,5.5302837955555555,0.021570372606613243
i-0b138e3642a677559,22,26,5.550081623888889,0.05312170649085377
i-0ba417327f988ba2b,22,26,5.116639322666667,0.014050947062309076
i-0c3e9f9e7b281edfe,22,26,5.114711364111112,0.017905644954690006
i-0cc4b604b837f69d9,22,26,5.557891792666666,0.0178310551350402
i-0d136c81f43ce8a29,22,26,5.602926704666667,0.08790423203691534
i-0d1c421d52c368b29,22,26,5.189520835888889,0.13941975049378627
i-0d6feb91baa545931,22,26,5.572075658444445,0.012329613650871683
i-0dcfa6d3bc470d28d,22,26,5.566935989666667,0.02961063668216215
i-0f285214d5c41327e,22,26,5.1128811306666675,0.04021566615358476
i-0009b7735dea24732,23,25,5.558050208777778,0.041637375613638596
i-002f7e27ea3e0bc1c,23,25,5.718005286333334,0.13196908583001102
i-007e12c9530b8cdea,23,25,5.610774755555555,0.1006591847531318
i-00ba7a56c944e5a25,23,25,5.1124613813333335,0.014366614850920742
i-00d71d40b42658392,23,25,5.5761033958888895,0.04084222020207795
i-02ca0e36a4acaf9fc,23,25,5.606026040222223,0.09987843484917514
i-0507566c757134fb6,23,25,5.1071862908888885,0.04040196074706583
i-067b2519b614c8f9d,23,25,5.567502657444445,0.014118837650436939
i-06b96f53253b4cc2e,23,25,5.088733381666667,0.008845235529630404
i-07998976f194caa97,23,25,5.577044884333334,0.013313989199978954
i-0837f0f6a7a42ac68,23,25,5.119247012777778,0.00367784597878283
i-084caea7d9c000ba9,23,25,5.135636594555556,0.013312361698315405
i-08559b79281547ef2,23,25,5.098845746666666,0.03673911088379353
i-08e70b514c8c3cd5a,23,25,5.577291568111112,0.0482704761032365
i-08ff78a502245298a,23,25,5.590398311666666,0.06749775337600798
i-0977cb2af690d36fd,23,25,5.512826734111111,0.01887850377873663
i-0b138e3642a677559,23,25,5.573254956222223,0.09066613180994498
i-0ba417327f988ba2b,23,25,5.123885843555556,0.05968139746883543
i-0c3e9f9e7b281edfe,23,25,5.107294930333333,0.022335274891637027
i-0cc4b604b837f69d9,23,25,5.5468637678888895,0.010994843446400013
i-0d136c81f43ce8a29,23,25,5.580118020333333,0.017266639518946404
i-0d1c421d52c368b29,23,25,5.125377045666667,0.051269450906454586
i-0d6feb91baa545931,23,25,5.578768306444444,0.05181743017146867
i-0dcfa6d3bc470d28d,23,25,5.565284490555556,0.03253237461039201
i-0f285214d5c41327e,23,25,5.076921118666666,0.015228759767555033
i-0009b7735dea24732,24,24,5.5869070158888885,0.14578300669746413
i-002f7e27ea3e0bc1c,24,24,5.606966468777777,0.0894027851646651
i-007e12c9530b8cdea,24,24,5.644857062333333,0.18401158611286103
i-00ba7a56c944e5a25,24,24,5.123448266111112,0.031303729439792656
i-00d71d40b42658392,24,24,5.58596139488889,0.07731828120462876
i-02ca0e36a4acaf9fc,24,24,5.6303365761111115,0.29241050010835373
i-0507566c757134fb6,24,24,5.089778423333333,0.00972048326018075
i-067b2519b614c8f9d,24,24,5.548895332666667,0.03556180537908256
i-06b96f53253b4cc2e,24,24,5.104799058777778,0.01904999387895766
i-0837f0f6a7a42ac68,24,24,5.126026339111111,0.014499987014168322
i-084caea7d9c000ba9,24,24,5.263233396777779,0.22398881100717832
i-08559b79281547ef2,24,24,5.110368013333333,0.05693153094792451
i-08e70b514c8c3cd5a,24,24,5.612792068000001,0.09573721163846491
i-08ff78a502245298a,24,24,5.561623202222222,0.04009047866195507
i-0977cb2af690d36fd,24,24,5.615490092,0.14765815217685546
i-0b138e3642a677559,24,24,5.530167500222222,0.06755531767133154
i-0ba417327f988ba2b,24,24,5.114195214333333,0.0863895739730473
i-0c3e9f9e7b281edfe,24,24,5.089191728333334,0.014664002668944737
i-0cc4b604b837f69d9,24,24,5.510212580333334,0.014145073923081002
i-0d136c81f43ce8a29,24,24,5.638680723000001,0.28989228625995817
i-0d1c421d52c368b29,24,24,5.141228410777776,0.044739730478201206
i-0d6feb91baa545931,24,24,5.540955808444444,0.01783452488210763
i-0dcfa6d3bc470d28d,24,24,5.5410795211111115,0.03633774848676072
i-0f285214d5c41327e,24,24,5.078477276555557,0.017889978176245873
i-0009b7735dea24732,25,23,5.472239918111111,0.010083352252443565
i-002f7e27ea3e0bc1c,25,23,5.536631425222222,0.0094379841989472
i-007e12c9530b8cdea,25,23,5.533200555222222,0.03934523890746917
i-00ba7a56c944e5a25,25,23,5.137132061666666,0.025212864383639517
i-00d71d40b42658392,25,23,5.524265289222222,0.07719237242536135
i-02ca0e36a4acaf9fc,25,23,5.548546738111111,0.10726727063541983
i-0507566c757134fb6,25,23,5.119599501333333,0.05895169400912254
i-067b2519b614c8f9d,25,23,5.516607496555556,0.02153615489395804
i-06b96f53253b4cc2e,25,23,5.114436388,0.04677107102371647
i-0837f0f6a7a42ac68,25,23,5.130852937888888,0.01399202743671432
i-084caea7d9c000ba9,25,23,5.119393269222222,0.015310968583460968
i-08559b79281547ef2,25,23,5.149432977,0.09127975806946245
i-08e70b514c8c3cd5a,25,23,5.508977227555555,0.01395453274552661
i-08ff78a502245298a,25,23,5.524685886222223,0.04142689138476729
i-0b138e3642a677559,25,23,5.476931412999999,0.014191970729162385
i-0ba417327f988ba2b,25,23,5.111796246666666,0.016489046908357397
i-0c3e9f9e7b281edfe,25,23,5.116460455666667,0.04217678808775503
i-0cc4b604b837f69d9,25,23,5.5136585763333334,0.015958201695886232
i-0d136c81f43ce8a29,25,23,5.549568017222222,0.04702275644499677
i-0d1c421d52c368b29,25,23,5.125562482333333,0.030526848108049637
i-0d6feb91baa545931,25,23,5.5189770858888885,0.008336565529507204
i-0dcfa6d3bc470d28d,25,23,5.505417770777778,0.013894578610578752
i-0f285214d5c41327e,25,23,5.0843786928888886,0.02738592369181678
i-0009b7735dea24732,26,22,5.479912784333333,0.016865603585426797
i-002f7e27ea3e0bc1c,26,22,5.572117938,0.13455520932711715
i-007e12c9530b8cdea,26,22,5.517347945111109,0.019942742033793506
i-00ba7a56c944e5a25,26,22,5.125028901666666,0.047763002830775454
i-00d71d40b42658392,26,22,5.500610060333333,0.01819502803549518
i-02ca0e36a4acaf9fc,26,22,5.535763767111111,0.05941964727084894
i-067b2519b614c8f9d,26,22,5.505924807444444,0.010423507233481066
i-06b96f53253b4cc2e,26,22,5.106358581,0.09283837363904875
i-0837f0f6a7a42ac68,26,22,5.0905246205555565,0.00919303037999404
i-084caea7d9c000ba9,26,22,5.3355677924444445,0.37772716938406903
i-08559b79281547ef2,26,22,5.046985096444444,0.008411840803886543
i-08e70b514c8c3cd5a,26,22,5.625074227666667,0.14643429124078083
i-08ff78a502245298a,26,22,5.524251249,0.03562046641272011
i-0b138e3642a677559,26,22,5.696493572555557,0.3602347008826492
i-0ba417327f988ba2b,26,22,5.061397791000001,0.014998745141433704
i-0c3e9f9e7b281edfe,26,22,5.16386760611111,0.14429039504055444
i-0cc4b604b837f69d9,26,22,5.4867205355555555,0.013493844754427662
i-0d136c81f43ce8a29,26,22,5.564457602111111,0.10132249940538819
i-0d1c421d52c368b29,26,22,5.085055271777778,0.014487265010011458
i-0d6feb91baa545931,26,22,5.513752751888888,0.03222010326340729
i-0dcfa6d3bc470d28d,26,22,5.506136311444444,0.020185201439132584
i-0f285214d5c41327e,26,22,5.050874842777778,0.016379032449055128
i-0009b7735dea24732,27,21,5.133864614666667,0.01433338900074443
i-002f7e27ea3e0bc1c,27,21,5.252543714333333,0.07708737855771536
i-007e12c9530b8cdea,27,21,5.196683804111112,0.08429290430850209
i-00ba7a56c944e5a25,27,21,5.082343737444444,0.012603793580386545
i-00d71d40b42658392,27,21,5.184239943888888,0.06061091029134324
i-02ca0e36a4acaf9fc,27,21,5.163298076999999,0.011811407887692955
i-067b2519b614c8f9d,27,21,5.15526602,0.01868869561813035
i-06b96f53253b4cc2e,27,21,5.110091765777778,0.06341603404878944
i-0837f0f6a7a42ac68,27,21,5.119006051,0.04167102257620881
i-084caea7d9c000ba9,27,21,5.139625205,0.1344277145684797
i-08559b79281547ef2,27,21,5.067248927222221,0.014428797639462615
i-08e70b514c8c3cd5a,27,21,5.200562397666666,0.04511263641075038
i-08ff78a502245298a,27,21,5.177268717,0.013147653652649208
i-0b138e3642a677559,27,21,5.135450230666667,0.01110293360142058
i-0ba417327f988ba2b,27,21,5.075392988111111,0.01741090287728634
i-0c3e9f9e7b281edfe,27,21,5.1103199586666666,0.05672839198312979
i-0cc4b604b837f69d9,27,21,5.169516775444445,0.04272884725416324
i-0d136c81f43ce8a29,27,21,5.313323815555556,0.12608153232850106
i-0d1c421d52c368b29,27,21,5.155378129777778,0.09625677736744383
i-0dcfa6d3bc470d28d,27,21,5.182571941,0.05555061866593455
i-0f285214d5c41327e,27,21,5.122698466111111,0.11234631901982528
i-0009b7735dea24732,28,20,5.104542308333333,0.015355282154478567
i-002f7e27ea3e0bc1c,28,20,5.291577206444445,0.13987383653477958
i-007e12c9530b8cdea,28,20,5.184327258,0.06155833487859921
i-00ba7a56c944e5a25,28,20,5.090947760555554,0.025225195240478792
i-00d71d40b42658392,28,20,5.150851037777778,0.04588752337313209
i-02ca0e36a4acaf9fc,28,20,5.153778738555555,0.0374284344817788
i-06b96f53253b4cc2e,28,20,5.0876467493333335,0.027901575141975433
i-0837f0f6a7a42ac68,28,20,5.151775545555555,0.1500730239244352
i-084caea7d9c000ba9,28,20,5.147593286111111,0.05775700803337674
i-08559b79281547ef2,28,20,5.064890649666666,0.026964547095905397
i-08e70b514c8c3cd5a,28,20,5.176681730555556,0.04319771248525298
i-08ff78a502245298a,28,20,5.151263078,0.014778892351120988
i-0b138e3642a677559,28,20,5.163483381444444,0.04953845261960062
i-0ba417327f988ba2b,28,20,5.123468505111111,0.07609639105869304
i-0c3e9f9e7b281edfe,28,20,5.098089297666667,0.05844683123162618
i-0cc4b604b837f69d9,28,20,5.115037600222223,0.015467526372080393
i-0d136c81f43ce8a29,28,20,5.189669450111111,0.0527702804666658
i-0d1c421d52c368b29,28,20,5.142863035333334,0.06503028599067615
i-0dcfa6d3bc470d28d,28,20,5.13919019711111,0.04051650921837809
i-0f285214d5c41327e,28,20,5.078287416111111,0.05494479679166605
i-0009b7735dea24732,29,19,5.119114372444446,0.017564024255885387
i-002f7e27ea3e0bc1c,29,19,5.176968945444445,0.09007108655926616
i-007e12c9530b8cdea,29,19,5.138606018333333,0.05567875413820627
i-00ba7a56c944e5a25,29,19,5.088892989666666,0.02461323468624602
i-00d71d40b42658392,29,19,5.108691904111111,0.006996945062562069
i-02ca0e36a4acaf9fc,29,19,5.155678139777779,0.0616145058333303
i-06b96f53253b4cc2e,29,19,5.068836265,0.01245710268589373
i-0837f0f6a7a42ac68,29,19,5.1167431407777775,0.03839280925726952
i-084caea7d9c000ba9,29,19,5.1344690323333335,0.05414796179620681
i-08559b79281547ef2,29,19,5.126980887444445,0.07047588629038078
i-08e70b514c8c3cd5a,29,19,5.126758496111111,0.010305344782494496
i-08ff78a502245298a,29,19,5.121897458888888,0.015037647970892834
i-0b138e3642a677559,29,19,5.093267175888888,0.01084380073472674
i-0ba417327f988ba2b,29,19,5.110941622,0.0773042087763106
i-0c3e9f9e7b281edfe,29,19,5.099714994555555,0.030878283607395335
i-0cc4b604b837f69d9,29,19,5.112656884777778,0.010852014169520502
i-0d136c81f43ce8a29,29,19,5.131294277,0.0319468578130606
i-0d1c421d52c368b29,29,19,5.077947431222222,0.012295732850403343
i-0f285214d5c41327e,29,19,5.046558088888888,0.014290454586137518
i-0009b7735dea24732,30,18,5.052876684444445,0.007854542710935396
i-002f7e27ea3e0bc1c,30,18,5.130061546888888,0.061733132826468355
i-007e12c9530b8cdea,30,18,5.137327194111112,0.09703059550854752
i-00ba7a56c944e5a25,30,18,5.1382788286666665,0.09455504994836492
i-00d71d40b42658392,30,18,5.195841126888889,0.12533305843949835
i-06b96f53253b4cc2e,30,18,5.067661338222223,0.019687518241623143
i-0837f0f6a7a42ac68,30,18,5.108586125888889,0.018603685905282996
i-084caea7d9c000ba9,30,18,5.149528132444445,0.13031764587983088
i-08559b79281547ef2,30,18,5.0817841954444445,0.04387005066460721
i-08e70b514c8c3cd5a,30,18,5.1461757024444434,0.05667257761197441
i-08ff78a502245298a,30,18,5.1046161915555555,0.029882057926951568
i-0b138e3642a677559,30,18,5.058563100000001,0.012368674905198988
i-0ba417327f988ba2b,30,18,5.073656347111111,0.012077020043555419
i-0c3e9f9e7b281edfe,30,18,5.117453734111112,0.055782662219889124
i-0cc4b604b837f69d9,30,18,5.083019415555556,0.021644204366030945
i-0d136c81f43ce8a29,30,18,5.091427776555555,0.01688288897460097
i-0d1c421d52c368b29,30,18,5.114297575444444,0.0372796298874239
i-0f285214d5c41327e,30,18,5.070217794777778,0.04482951980566577
i-0009b7735dea24732,31,17,5.055263625111111,0.014422965940189419
i-002f7e27ea3e0bc1c,31,17,5.113238308333333,0.041598977188793865
i-007e12c9530b8cdea,31,17,5.073265208111112,0.023638257628780867
i-00d71d40b42658392,31,17,5.091495328333333,0.03641228249468264
i-06b96f53253b4cc2e,31,17,4.9678852557777775,0.04188749509142936
i-0837f0f6a7a42ac68,31,17,4.987975729888889,0.018227650452651824
i-084caea7d9c000ba9,31,17,4.99255755211111,0.0061132697539472685
i-08559b79281547ef2,31,17,4.9528519044444455,0.014024018692177556
i-08e70b514c8c3cd5a,31,17,5.126255220888889,0.05330085467651842
i-08ff78a502245298a,31,17,5.107341342555555,0.03246871600443416
i-0b138e3642a677559,31,17,5.054590066333334,0.012387580941520527
i-0ba417327f988ba2b,31,17,4.949619240222223,0.008749702579345382
i-0c3e9f9e7b281edfe,31,17,4.9598897034444445,0.01177240350894371
i-0cc4b604b837f69d9,31,17,5.111328654888889,0.044103046031037825
i-0d136c81f43ce8a29,31,17,5.112549940666668,0.022321295344469246
i-0d1c421d52c368b29,31,17,4.9815681776666665,0.041795025682953076
i-0f285214d5c41327e,31,17,4.943101061666667,0.010145841057659269
i-0009b7735dea24732,32,16,5.048119412555555,0.008722513236013625
i-002f7e27ea3e0bc1c,32,16,5.125762674333333,0.05759376948911056
i-007e12c9530b8cdea,32,16,5.0780262946666666,0.013620932426317145
i-00d71d40b42658392,32,16,5.142770873111112,0.11064515274583132
i-06b96f53253b4cc2e,32,16,4.934403181,0.039739102035400244
i-0837f0f6a7a42ac68,32,16,4.954777505666667,0.013457263071159992
i-084caea7d9c000ba9,32,16,5.014160818444443,0.09586107867199034
i-08559b79281547ef2,32,16,4.911879168555555,0.019722868943412443
i-08e70b514c8c3cd5a,32,16,5.101484457555555,0.013173349877749615
i-08ff78a502245298a,32,16,5.088125361555555,0.013627932802677994
i-0b138e3642a677559,32,16,5.056614531444445,0.012197584342599403
i-0c3e9f9e7b281edfe,32,16,4.942906459111111,0.05336953553223536
i-0cc4b604b837f69d9,32,16,5.092590252444444,0.04903361593591633
i-0d136c81f43ce8a29,32,16,5.100757360555556,0.01832734682836148
i-0d1c421d52c368b29,32,16,4.954069455333333,0.008188189565969029
i-0f285214d5c41327e,32,16,4.919958405888888,0.06615183680424863
i-0009b7735dea24732,33,15,4.948604583555555,0.013565436742910268
i-007e12c9530b8cdea,33,15,4.964629279333334,0.016394111760084835
i-00d71d40b42658392,33,15,4.97590518,0.04983712510483156
i-06b96f53253b4cc2e,33,15,4.970689800111111,0.06207267707717119
i-0837f0f6a7a42ac68,33,15,4.953963995111112,0.0131767753247658
i-084caea7d9c000ba9,33,15,5.0211954646666666,0.19623238808987387
i-08559b79281547ef2,33,15,4.892141262777778,0.015594895898751356
i-08e70b514c8c3cd5a,33,15,5.003725687666666,0.03383245853637742
i-08ff78a502245298a,33,15,4.978330903555555,0.012271475268903466
i-0b138e3642a677559,33,15,4.937568028666667,0.007079438232899307
i-0c3e9f9e7b281edfe,33,15,4.924590720111111,0.012021596174104051
i-0cc4b604b837f69d9,33,15,4.973864926222223,0.026598605886440908
i-0d136c81f43ce8a29,33,15,5.081949181000001,0.19876766608553229
i-0d1c421d52c368b29,33,15,4.948674228444443,0.017559278796148842
i-0f285214d5c41327e,33,15,4.905307928666667,0.030813991885522772
i-0009b7735dea24732,34,14,4.974413792111111,0.059439989380693864
i-007e12c9530b8cdea,34,14,4.966586828111112,0.015707005816666078
i-00d71d40b42658392,34,14,4.947113461,0.0057299379965981894
i-06b96f53253b4cc2e,34,14,4.9101976552222215,0.02265339001667733
i-084caea7d9c000ba9,34,14,4.924393044444445,0.019156959621124646
i-08559b79281547ef2,34,14,4.87409922811111,0.014437346805027179
i-08e70b514c8c3cd5a,34,14,4.987690554888889,0.008916565994895384
i-08ff78a502245298a,34,14,4.9766439067777775,0.025996917414980204
i-0b138e3642a677559,34,14,4.938180022777778,0.010738636098627151
i-0c3e9f9e7b281edfe,34,14,4.903987725555556,0.041710746099468295
i-0cc4b604b837f69d9,34,14,4.947464201222222,0.00845591473662127
i-0d136c81f43ce8a29,34,14,5.028410620222222,0.060215546194550475
i-0d1c421d52c368b29,34,14,4.927470816333334,0.024724038234384228
i-0f285214d5c41327e,34,14,4.870711273555555,0.01112538974784818
i-0009b7735dea24732,35,13,4.932954973666668,0.051121643812438514
i-007e12c9530b8cdea,35,13,4.946077691111111,0.030393276446660972
i-00d71d40b42658392,35,13,4.928985516333333,0.019295182748457033
i-06b96f53253b4cc2e,35,13,4.8887801434444444,0.009270004414238076
i-084caea7d9c000ba9,35,13,4.923438231222223,0.011991596909741368
i-08559b79281547ef2,35,13,4.881589836444444,0.022017371876245525
i-08e70b514c8c3cd5a,35,13,4.949641519222222,0.015337605102212841
i-0b138e3642a677559,35,13,4.908040656111112,0.01169147437098666
i-0c3e9f9e7b281edfe,35,13,4.881311125222222,0.010586020625855876
i-0cc4b604b837f69d9,35,13,4.915956020222222,0.00797908595073063
i-0d136c81f43ce8a29,35,13,4.9609037240000005,0.03627164681395587
i-0d1c421d52c368b29,35,13,4.899818393888889,0.012204923308497368
i-0f285214d5c41327e,35,13,4.870343340888888,0.025256681751504338
i-0009b7735dea24732,36,12,5.005627605666666,0.11880911984211617
i-007e12c9530b8cdea,36,12,5.042304383333333,0.19111190718489607
i-00d71d40b42658392,36,12,4.991553041666666,0.14805608527801636
i-06b96f53253b4cc2e,36,12,5.111138555888889,0.18977938526944646
i-084caea7d9c000ba9,36,12,5.0413970416666665,0.15566302151314618
i-08559b79281547ef2,36,12,4.9713505637777775,0.10199675338624618
i-08e70b514c8c3cd5a,36,12,5.041357570222222,0.16314762341866068
i-0b138e3642a677559,36,12,4.973553816555555,0.10865249470745052
i-0c3e9f9e7b281edfe,36,12,5.011206388333334,0.13020635230192093
i-0d136c81f43ce8a29,36,12,5.026153352555556,0.120625991748526
i-0d1c421d52c368b29,36,12,5.024932516888889,0.1225537927408514
i-0f285214d5c41327e,36,12,5.035468233777778,0.23910317314212046
i-0009b7735dea24732,37,11,4.886409971444445,0.01544861883989115
i-007e12c9530b8cdea,37,11,4.930052651333334,0.05702156462971678
i-00d71d40b42658392,37,11,4.886174890777778,0.011545170290623461
i-06b96f53253b4cc2e,37,11,4.9361764589999995,0.15430233509683333
i-084caea7d9c000ba9,37,11,4.907675345777777,0.01815979688770021
i-08e70b514c8c3cd5a,37,11,4.9131919013333345,0.012758095698007281
i-0b138e3642a677559,37,11,4.878245088666667,0.011972537106057396
i-0c3e9f9e7b281edfe,37,11,4.90287086711111,0.04578265540414962
i-0d136c81f43ce8a29,37,11,4.913340647999999,0.013519162714435646
i-0d1c421d52c368b29,37,11,4.900958140555556,0.055630617175816084
i-0f285214d5c41327e,37,11,4.830077780666667,0.00945700065003127
i-0009b7735dea24732,38,10,4.886507537555556,0.039856415871412906
i-007e12c9530b8cdea,38,10,4.928187767666667,0.06155439716338806
i-00d71d40b42658392,38,10,4.911960919666667,0.060138790335492805
i-06b96f53253b4cc2e,38,10,4.725289238999999,0.012361149435305792
i-084caea7d9c000ba9,38,10,4.781891346111111,0.018538148056372345
i-08e70b514c8c3cd5a,38,10,4.944192382888889,0.0935201647427341
i-0b138e3642a677559,38,10,4.8768178092222225,0.016450243282877045
i-0d136c81f43ce8a29,38,10,5.0329817136666675,0.12770794505762922
i-0d1c421d52c368b29,38,10,4.779243760666667,0.04477469582691061
i-0f285214d5c41327e,38,10,4.695594867,0.006511438220377529
i-0009b7735dea24732,39,9,4.8997906843333325,0.093980814289091
i-007e12c9530b8cdea,39,9,4.865161260222223,0.027914170724853006
i-06b96f53253b4cc2e,39,9,4.750559568444445,0.048122011829241085
i-084caea7d9c000ba9,39,9,4.792617002888889,0.0543252758831885
i-08e70b514c8c3cd5a,39,9,4.882840182888889,0.015915192592092512
i-0b138e3642a677559,39,9,4.842101653222222,0.0094905521318148
i-0d136c81f43ce8a29,39,9,4.901033189444444,0.03492451403259398
i-0d1c421d52c368b29,39,9,4.769437631000001,0.04834366731071164
i-0f285214d5c41327e,39,9,4.7075745263333335,0.0182043817477346
i-0009b7735dea24732,40,8,4.7215253245555555,0.014041436396127498
i-007e12c9530b8cdea,40,8,4.740125709222222,0.01225715558675834
i-06b96f53253b4cc2e,40,8,4.741876443222222,0.043373684867796726
i-084caea7d9c000ba9,40,8,4.801627794888889,0.06291687810069226
i-08e70b514c8c3cd5a,40,8,4.765733321444444,0.04217681850744589
i-0d136c81f43ce8a29,40,8,4.760059833444444,0.0219654987160708
i-0d1c421d52c368b29,40,8,4.755888541555556,0.01908800603031471
i-0f285214d5c41327e,40,8,4.719516171444444,0.029211796491037275
i-0009b7735dea24732,41,7,4.732313791888888,0.04454743561530054
i-007e12c9530b8cdea,41,7,4.747135559777778,0.023380368477934545
i-06b96f53253b4cc2e,41,7,4.711774799555557,0.055686178130495555
i-084caea7d9c000ba9,41,7,4.736564477333334,0.011730161575538859
i-08e70b514c8c3cd5a,41,7,4.7760933240000005,0.048323451938521764
i-0d136c81f43ce8a29,41,7,4.859045479111112,0.136904075015267
i-0f285214d5c41327e,41,7,4.661702977222222,0.015250338577312166
i-0009b7735dea24732,42,6,4.728951189222222,0.04272723343468057
i-007e12c9530b8cdea,42,6,4.747863160222222,0.007614783114539707
i-06b96f53253b4cc2e,42,6,4.460974640333334,0.006945180300816795
i-08e70b514c8c3cd5a,42,6,4.764024708,0.04879094340562882
i-0d136c81f43ce8a29,42,6,4.771302991444445,0.009843964065840797
i-0f285214d5c41327e,42,6,4.445413748555556,0.02789851622181432
i-007e12c9530b8cdea,43,5,4.714082161666667,0.06627378134626619
i-06b96f53253b4cc2e,43,5,4.475030024666667,0.04527167767623344
i-08e70b514c8c3cd5a,43,5,4.705987003111111,0.010403638581848137
i-0d136c81f43ce8a29,43,5,4.770455969777777,0.09229358141925598
i-0f285214d5c41327e,43,5,4.442267523777777,0.022368920899327575
i-007e12c9530b8cdea,44,4,4.7159784369999995,0.04966270726428507
i-08e70b514c8c3cd5a,44,4,4.751097891111112,0.056494189377219776
i-0d136c81f43ce8a29,44,4,4.734926276777778,0.033307465334742284
i-0f285214d5c41327e,44,4,4.3734329277777775,0.004498838093080902
i-08e70b514c8c3cd5a,45,3,4.4966248671111115,0.04745112114463773
i-0d136c81f43ce8a29,45,3,4.5531891188888896,0.09320160094584186
i-0f285214d5c41327e,45,3,4.378180662666667,0.010341850765819957
i-08e70b514c8c3cd5a,46,2,4.496479352222222,0.012499205090005057
i-0d136c81f43ce8a29,46,2,4.499334043777778,0.013669610611987272
i-0d136c81f43ce8a29,47,1,4.441481034,0.039922526608120165
